model,concentration,method,property,actual,prediction
matern,15.0,0,"Предел прочности при разрыве, МПа",20.200000000000003,22.44467786258581
matern,15.0,0,"Относительное удлинение при разрыве, %",275.0,287.528201149545
matern,15.0,0,"Модуль упругости, МПа",269.0,268.1521084878752
matern,15.0,0,Коэффициент трения,0.34,0.3597714310473121
matern,15.0,0,Износостойкость (скорость потери массы мг/час),0.65,0.6333815276426096
matern,15.0,1,"Предел прочности при разрыве, МПа",21.0,23.691806688413667
matern,15.0,1,"Относительное удлинение при разрыве, %",369.0,319.6732922440117
matern,15.0,1,"Модуль упругости, МПа",286.0,291.88147385394325
matern,15.0,1,Коэффициент трения,0.32,0.3526674352871489
matern,15.0,1,Износостойкость (скорость потери массы мг/час),0.494,0.5286611303651387
matern,15.0,2,"Предел прочности при разрыве, МПа",26.1,27.274897612818485
matern,15.0,2,"Относительное удлинение при разрыве, %",187.0,258.79084840508915
matern,15.0,2,"Модуль упругости, МПа",384.0,333.243789135322
matern,15.0,2,Коэффициент трения,0.34,0.3648839975025234
matern,15.0,2,Износостойкость (скорость потери массы мг/час),0.633,0.6314353062778777
matern,20.0,0,"Предел прочности при разрыве, МПа",20.4,19.607097915799425
matern,20.0,0,"Относительное удлинение при разрыве, %",237.0,212.616856809549
matern,20.0,0,"Модуль упругости, МПа",299.0,282.6487249965301
matern,20.0,0,Коэффициент трения,0.37,0.3542290557720464
matern,20.0,0,Износостойкость (скорость потери массы мг/час),0.594,0.6084416984115599
matern,20.0,1,"Предел прочности при разрыве, МПа",21.1,20.79329682995281
matern,20.0,1,"Относительное удлинение при разрыве, %",263.0,263.90011080417503
matern,20.0,1,"Модуль упругости, МПа",326.0,309.20759819685867
matern,20.0,1,Коэффициент трения,0.37,0.3393195133297776
matern,20.0,1,Износостойкость (скорость потери массы мг/час),0.533,0.5055568062925218
matern,20.0,2,"Предел прочности при разрыве, МПа",25.8,25.77460674588656
matern,20.0,2,"Относительное удлинение при разрыве, %",177.0,173.49753011739676
matern,20.0,2,"Модуль упругости, МПа",403.0,391.2173675448358
matern,20.0,2,Коэффициент трения,0.38,0.3530727164437226
matern,20.0,2,Износостойкость (скорость потери массы мг/час),0.606,0.607701777838898
matern,25.0,0,"Предел прочности при разрыве, МПа",16.700000000000003,18.86282701981702
matern,25.0,0,"Относительное удлинение при разрыве, %",144.0,154.59104985544457
matern,25.0,0,"Модуль упругости, МПа",298.0,320.84605052778966
matern,25.0,0,Коэффициент трения,0.38,0.3720378234634333
matern,25.0,0,Износостойкость (скорость потери массы мг/час),0.606,0.6222566102745062
matern,25.0,1,"Предел прочности при разрыве, МПа",18.0,19.939828769941236
matern,25.0,1,"Относительное удлинение при разрыве, %",190.0,197.08047808772875
matern,25.0,1,"Модуль упругости, МПа",343.0,346.9504523856364
matern,25.0,1,Коэффициент трения,0.37,0.3629997623722955
matern,25.0,1,Износостойкость (скорость потери массы мг/час),0.55,0.5790573510813728
matern,25.0,2,"Предел прочности при разрыве, МПа",24.700000000000003,24.4535072882982
matern,25.0,2,"Относительное удлинение при разрыве, %",123.0,109.06295019148182
matern,25.0,2,"Модуль упругости, МПа",456.0,430.6266444210604
matern,25.0,2,Коэффициент трения,0.38,0.3765962037329894
matern,25.0,2,Износостойкость (скорость потери массы мг/час),0.617,0.6347416933656358
rbf,15.0,0,"Предел прочности при разрыве, МПа",20.200000000000003,22.398971533416777
rbf,15.0,0,"Относительное удлинение при разрыве, %",275.0,287.5282002109567
rbf,15.0,0,"Модуль упругости, МПа",269.0,273.60236980649154
rbf,15.0,0,Коэффициент трения,0.34,0.3597713934328969
rbf,15.0,0,Износостойкость (скорость потери массы мг/час),0.65,0.6354894682273946
rbf,15.0,1,"Предел прочности при разрыве, МПа",21.0,23.645823819198068
rbf,15.0,1,"Относительное удлинение при разрыве, %",369.0,319.67329010422765
rbf,15.0,1,"Модуль упругости, МПа",286.0,299.1702912664179
rbf,15.0,1,Коэффициент трения,0.32,0.3526666900249516
rbf,15.0,1,Износостойкость (скорость потери массы мг/час),0.494,0.533245623780005
rbf,15.0,2,"Предел прочности при разрыве, МПа",26.1,27.32426440846565
rbf,15.0,2,"Относительное удлинение при разрыве, %",187.0,258.7908480219604
rbf,15.0,2,"Модуль упругости, МПа",384.0,333.05843513845974
rbf,15.0,2,Коэффициент трения,0.34,0.3648859733963802
rbf,15.0,2,Износостойкость (скорость потери массы мг/час),0.633,0.6345994450135664
rbf,20.0,0,"Предел прочности при разрыве, МПа",20.4,19.60683657983392
rbf,20.0,0,"Относительное удлинение при разрыве, %",237.0,212.58012997024863
rbf,20.0,0,"Модуль упругости, МПа",299.0,282.6487245212934
rbf,20.0,0,Коэффициент трения,0.37,0.3537312193982472
rbf,20.0,0,Износостойкость (скорость потери массы мг/час),0.594,0.602989901679861
rbf,20.0,1,"Предел прочности при разрыве, МПа",21.1,20.793125488828966
rbf,20.0,1,"Относительное удлинение при разрыве, %",263.0,264.1038461976819
rbf,20.0,1,"Модуль упругости, МПа",326.0,309.2075967995217
rbf,20.0,1,Коэффициент трения,0.37,0.3378755881303623
rbf,20.0,1,Износостойкость (скорость потери массы мг/час),0.533,0.501055097512398
rbf,20.0,2,"Предел прочности при разрыве, МПа",25.8,25.775039420191455
rbf,20.0,2,"Относительное удлинение при разрыве, %",177.0,173.25175180283884
rbf,20.0,2,"Модуль упругости, МПа",403.0,391.21736995915313
rbf,20.0,2,Коэффициент трения,0.38,0.3519058637141178
rbf,20.0,2,Износостойкость (скорость потери массы мг/час),0.606,0.6039824494143904
rbf,25.0,0,"Предел прочности при разрыве, МПа",16.700000000000003,18.86345046346384
rbf,25.0,0,"Относительное удлинение при разрыве, %",144.0,154.5910535310303
rbf,25.0,0,"Модуль упругости, МПа",298.0,320.8845272990428
rbf,25.0,0,Коэффициент трения,0.38,0.3717896340607266
rbf,25.0,0,Износостойкость (скорость потери массы мг/час),0.606,0.6155445024097672
rbf,25.0,1,"Предел прочности при разрыве, МПа",18.0,19.940379589361264
rbf,25.0,1,"Относительное удлинение при разрыве, %",190.0,197.08047793527655
rbf,25.0,1,"Модуль упругости, МПа",343.0,346.9914979187769
rbf,25.0,1,Коэффициент трения,0.37,0.362743051309797
rbf,25.0,1,Износостойкость (скорость потери массы мг/час),0.55,0.5841978149913947
rbf,25.0,2,"Предел прочности при разрыве, МПа",24.700000000000003,24.453354539879868
rbf,25.0,2,"Относительное удлинение при разрыве, %",123.0,109.06295491093675
rbf,25.0,2,"Модуль упругости, МПа",456.0,430.63528212952497
rbf,25.0,2,Коэффициент трения,0.38,0.3762904012934595
rbf,25.0,2,Износостойкость (скорость потери массы мг/час),0.617,0.633012999616511
multi,15.0,0,"Предел прочности при разрыве, МПа",20.200000000000003,23.38659159760304
multi,15.0,0,"Относительное удлинение при разрыве, %",275.0,302.9584441600387
multi,15.0,0,"Модуль упругости, МПа",269.0,267.5138052528921
multi,15.0,0,Коэффициент трения,0.34,0.3604644295424771
multi,15.0,0,Износостойкость (скорость потери массы мг/час),0.65,0.6306953921618295
multi,15.0,1,"Предел прочности при разрыве, МПа",21.0,24.321552746774763
multi,15.0,1,"Относительное удлинение при разрыве, %",369.0,333.47690956863585
multi,15.0,1,"Модуль упругости, МПа",286.0,291.41762830108945
multi,15.0,1,Коэффициент трения,0.32,0.3525422985990615
multi,15.0,1,Износостойкость (скорость потери массы мг/час),0.494,0.5269465820495334
multi,15.0,2,"Предел прочности при разрыве, МПа",26.1,27.58438987553676
multi,15.0,2,"Относительное удлинение при разрыве, %",187.0,255.8515724367176
multi,15.0,2,"Модуль упругости, МПа",384.0,333.05486609419245
multi,15.0,2,Коэффициент трения,0.34,0.3728296496938032
multi,15.0,2,Износостойкость (скорость потери массы мг/час),0.633,0.6305028366157233
multi,20.0,0,"Предел прочности при разрыве, МПа",20.4,17.527409873290566
multi,20.0,0,"Относительное удлинение при разрыве, %",237.0,211.19578188903003
multi,20.0,0,"Модуль упругости, МПа",299.0,287.0519861565068
multi,20.0,0,Коэффициент трения,0.37,0.3551147115748303
multi,20.0,0,Износостойкость (скорость потери массы мг/час),0.594,0.6067256193507398
multi,20.0,1,"Предел прочности при разрыве, МПа",21.1,18.46411158518253
multi,20.0,1,"Относительное удлинение при разрыве, %",263.0,288.0975128936454
multi,20.0,1,"Модуль упругости, МПа",326.0,316.55304910574256
multi,20.0,1,Коэффициент трения,0.37,0.3384829679189156
multi,20.0,1,Износостойкость (скорость потери массы мг/час),0.533,0.5053458873607057
multi,20.0,2,"Предел прочности при разрыве, МПа",25.8,24.77796716318228
multi,20.0,2,"Относительное удлинение при разрыве, %",177.0,138.64786776614443
multi,20.0,2,"Модуль упругости, МПа",403.0,440.88540759747343
multi,20.0,2,Коэффициент трения,0.38,0.3529227727903652
multi,20.0,2,Износостойкость (скорость потери массы мг/час),0.606,0.6067755700877999
multi,25.0,0,"Предел прочности при разрыве, МПа",16.700000000000003,19.2077097603376
multi,25.0,0,"Относительное удлинение при разрыве, %",144.0,158.4299880192125
multi,25.0,0,"Модуль упругости, МПа",298.0,323.8641923765449
multi,25.0,0,Коэффициент трения,0.38,0.3913788851476836
multi,25.0,0,Износостойкость (скорость потери массы мг/час),0.606,0.6249026882886974
multi,25.0,1,"Предел прочности при разрыве, МПа",18.0,20.06925544871172
multi,25.0,1,"Относительное удлинение при разрыве, %",190.0,164.14073839321375
multi,25.0,1,"Модуль упругости, МПа",343.0,349.2252566557345
multi,25.0,1,Коэффициент трения,0.37,0.3936466070651908
multi,25.0,1,Износостойкость (скорость потери массы мг/час),0.55,0.5775951713982814
multi,25.0,2,"Предел прочности при разрыве, МПа",24.700000000000003,25.137512063484845
multi,25.0,2,"Относительное удлинение при разрыве, %",123.0,127.02326564186568
multi,25.0,2,"Модуль упругости, МПа",456.0,435.3983917447138
multi,25.0,2,Коэффициент трения,0.38,0.3976119681710283
multi,25.0,2,Износостойкость (скорость потери массы мг/час),0.617,0.6337483677372853
ridge_interactions,15.0,0,Коэффициент трения,0.34,0.3599252791824818
ridge_interactions,15.0,1,Коэффициент трения,0.32,0.34738791550416587
ridge_interactions,15.0,2,Коэффициент трения,0.34,0.36844521358304594
ridge_interactions,20.0,0,Коэффициент трения,0.37,0.3649824379687363
ridge_interactions,20.0,1,Коэффициент трения,0.37,0.3525409142607369
ridge_interactions,20.0,2,Коэффициент трения,0.38,0.3674766477705268
ridge_interactions,25.0,0,Коэффициент трения,0.38,0.37719249281730166
ridge_interactions,25.0,1,Коэффициент трения,0.37,0.3741159568453687
ridge_interactions,25.0,2,Коэффициент трения,0.38,0.38006618248045876
