property,model,mae,r2,mape_percent
"Предел прочности при разрыве, МПа",matern,1.2872810192932451,0.7412487932312721,6.510724196567383
"Предел прочности при разрыве, МПа",rbf,1.2827259761301528,0.7449192399771031,6.483139485286997
"Предел прочности при разрыве, МПа",multi,2.170835874532593,0.4303040693879508,10.67754320071636
"Относительное удлинение при разрыве, %",matern,21.56000654883813,0.8121701853295493,10.148433003629195
"Относительное удлинение при разрыве, %",rbf,21.614033234294887,0.8120842786952893,10.174190665805808
"Относительное удлинение при разрыве, %",multi,29.544387281606205,0.7747326455974797,13.9570001603453
"Модуль упругости, МПа",matern,17.17574933165413,0.8552927051892553,4.835042120660737
"Модуль упругости, МПа",rbf,18.431253082530684,0.8494855678337082,5.281209644549404
"Модуль упругости, МПа",multi,18.86893184186605,0.8247636842418544,5.224500023406346
Коэффициент трения,matern,0.0187853098580799,-0.0584933687150315,5.318454747319916
Коэффициент трения,rbf,0.0192209221052797,-0.1049681592158204,5.434829504640256
Коэффициент трения,multi,0.0235503762150148,-0.4149218356864037,6.6145664577778245
Износостойкость (скорость потери массы мг/час),matern,0.0177207356804558,0.8130508389183317,3.1691599517496694
Износостойкость (скорость потери массы мг/час),rbf,0.0175625858152135,0.7885112318399004,3.184156123875967
Износостойкость (скорость потери массы мг/час),multi,0.0176833203082309,0.8167720274967966,3.1492843723594373
Коэффициент трения,ridge_interactions,0.013083117197579923,0.3653965323859082,3.780486964521415
