candidate,concentration,method,actual,prediction
0,15.0,0,0.34,0.3597031355624676
0,15.0,1,0.32,0.3528332019293364
0,15.0,2,0.34,0.36458252216938825
0,20.0,0,0.37,0.3644170589427539
0,20.0,1,0.37,0.35379595591932755
0,20.0,2,0.38,0.3667869851379186
0,25.0,0,0.38,0.37637069498780357
0,25.0,1,0.37,0.368665913511247
0,25.0,2,0.38,0.3809885073170767
1,15.0,0,0.34,0.3594115073228409
1,15.0,1,0.32,0.35192675814023666
1,15.0,2,0.34,0.3644087310874161
1,20.0,0,0.37,0.364993067880265
1,20.0,1,0.37,0.3525152523571825
1,20.0,2,0.38,0.3674916797625526
1,25.0,0,0.38,0.3787903990843942
1,25.0,1,0.37,0.36880980963556703
1,25.0,2,0.38,0.38378762284896945
2,15.0,0,0.34,0.35947215435894
2,15.0,1,0.32,0.35212227663047335
2,15.0,2,0.34,0.3644445300495477
2,20.0,0,0.37,0.36493176946532624
2,20.0,1,0.37,0.35265027322404374
2,20.0,2,0.38,0.3674179573106301
2,25.0,0,0.38,0.3786202405003197
2,25.0,1,0.37,0.36881134637841045
2,25.0,2,0.38,0.38359261619092744
3,15.0,0,0.34,0.36006747638326586
3,15.0,1,0.32,0.3538644688644689
3,15.0,2,0.34,0.364804318488529
3,20.0,0,0.37,0.3644110275689223
3,20.0,1,0.37,0.3538095238095238
3,20.0,2,0.38,0.36677944862155387
3,25.0,0,0.38,0.37709128590707536
3,25.0,1,0.37,0.36874542124542126
3,25.0,2,0.38,0.38182812801233856
4,15.0,0,0.34,0.36416666666666664
4,15.0,1,0.32,0.3620238095238095
4,15.0,2,0.34,0.36738095238095236
4,20.0,0,0.37,0.3625818452380952
4,20.0,1,0.37,0.35822916666666665
4,20.0,2,0.38,0.3641889880952381
4,25.0,0,0.38,0.3696847943722944
4,25.0,1,0.37,0.36660443722943725
4,25.0,2,0.38,0.3728990800865801
5,15.0,0,0.34,0.3700709287552565
5,15.0,1,0.32,0.3698862469516108
5,15.0,2,0.34,0.3708336406196633
5,20.0,0,0.37,0.36173542266282915
5,20.0,1,0.37,0.36114779874213837
5,20.0,2,0.38,0.3621167785950325
5,25.0,0,0.38,0.36243527543732557
5,25.0,1,0.37,0.36210908419971766
5,25.0,2,0.38,0.36319798730173236
6,15.0,0,0.34,0.359345406163668
6,15.0,1,0.32,0.3496790892671179
6,15.0,2,0.34,0.3672587449498768
6,20.0,0,0.37,0.36444270591315897
6,20.0,1,0.37,0.35407831597654543
6,20.0,2,0.38,0.3664789781102956
6,25.0,0,0.38,0.37607888379298043
6,25.0,1,0.37,0.36692561510284133
6,25.0,2,0.38,0.38008099372432075
7,15.0,0,0.34,0.3599252791824818
7,15.0,1,0.32,0.34738791550416587
7,15.0,2,0.34,0.36844521358304594
7,20.0,0,0.37,0.3649824379687363
7,20.0,1,0.37,0.3525409142607369
7,20.0,2,0.38,0.3674766477705268
7,25.0,0,0.38,0.37719249281730166
7,25.0,1,0.37,0.3741159568453687
7,25.0,2,0.38,0.38006618248045876
8,15.0,0,0.34,0.359473110421403
8,15.0,1,0.32,0.34907467539173487
8,15.0,2,0.34,0.3675719022945041
8,20.0,0,0.37,0.36485927553778263
8,20.0,1,0.37,0.3528357619735021
8,20.0,2,0.38,0.3673049624887153
8,25.0,0,0.38,0.3775133584846433
8,25.0,1,0.37,0.3728900460983356
8,25.0,2,0.38,0.3805236486690624
9,15.0,0,0.34,0.3594951100458881
9,15.0,1,0.32,0.35381649500625695
9,15.0,2,0.34,0.3654499715238788
9,20.0,0,0.37,0.36452514452109713
9,20.0,1,0.37,0.3537934455206248
9,20.0,2,0.38,0.3666814099582781
9,25.0,0,0.38,0.37750818970168754
9,25.0,1,0.37,0.36891111423174566
9,25.0,2,0.38,0.38121724218495634
10,15.0,0,0.34,0.364237785172639
10,15.0,1,0.32,0.3608551869387503
10,15.0,2,0.34,0.36746957365279387
10,20.0,0,0.37,0.3637480153665754
10,20.0,1,0.37,0.35600319367222666
10,20.0,2,0.38,0.36524879096119794
10,25.0,0,0.38,0.3714858243435221
10,25.0,1,0.37,0.36401072650245747
10,25.0,2,0.38,0.3751530063223207
11,15.0,0,0.34,0.3700105980056962
11,15.0,1,0.32,0.3692794563737756
11,15.0,2,0.34,0.370976529704743
11,20.0,0,0.37,0.362132476652846
11,20.0,1,0.37,0.36026005043738335
11,20.0,2,0.38,0.3626074729097707
11,25.0,0,0.38,0.3629984157323414
11,25.0,1,0.37,0.36126546058935155
11,25.0,2,0.38,0.364247776387031
12,15.0,0,0.34,0.36095125095200803
12,15.0,1,0.32,0.3544715040810313
12,15.0,2,0.34,0.36574928080932695
12,20.0,0,0.37,0.36516199452664
12,20.0,1,0.37,0.35571351036680193
12,20.0,2,0.38,0.3674354219117144
12,25.0,0,0.38,0.37631920963199844
12,25.0,1,0.37,0.36997745293554885
12,25.0,2,0.38,0.38064191311916273
13,15.0,0,0.34,0.3611557706320458
13,15.0,1,0.32,0.35367102144944157
13,15.0,2,0.34,0.366152994396621
13,20.0,0,0.37,0.35395105067865407
13,20.0,1,0.37,0.3414732351555716
13,20.0,2,0.38,0.3564496625609417
13,25.0,0,0.38,0.37717414768536484
13,25.0,1,0.37,0.36719355823653765
13,25.0,2,0.38,0.38217137144994007
14,15.0,0,0.34,0.36102808142886944
14,15.0,1,0.32,0.3536782037004028
14,15.0,2,0.34,0.36600045711947715
14,20.0,0,0.37,0.35964918166596943
14,20.0,1,0.37,0.34736768542468693
14,20.0,2,0.38,0.3621353695112733
14,25.0,0,0.38,0.3777311264183275
14,25.0,1,0.37,0.36792223229641824
14,25.0,2,0.38,0.3827035021089352
15,15.0,0,0.34,0.36097809499621475
15,15.0,1,0.32,0.35477508747741776
15,15.0,2,0.34,0.3657149371014779
15,20.0,0,0.37,0.3650102857773569
15,20.0,1,0.37,0.3544087820179584
15,20.0,2,0.38,0.36737870682998847
15,25.0,0,0.38,0.37775425990437406
15,25.0,1,0.37,0.3694083952427199
15,25.0,2,0.38,0.3824911020096372
16,15.0,0,0.34,0.36307561737393845
16,15.0,1,0.32,0.36093276023108134
16,15.0,2,0.34,0.3662899030882242
16,20.0,0,0.37,0.36386588872156067
16,20.0,1,0.37,0.3595132101501321
16,20.0,2,0.38,0.36547303157870353
16,25.0,0,0.38,0.3725180323197006
16,25.0,1,0.37,0.36943767517684345
16,25.0,2,0.38,0.3757323180339863
17,15.0,0,0.34,0.3692217712711762
17,15.0,1,0.32,0.36903708946753055
17,15.0,2,0.34,0.369984483135583
17,20.0,0,0.37,0.362112179149064
17,20.0,1,0.37,0.36152455522837323
17,20.0,2,0.38,0.3624935350812674
17,25.0,0,0.38,0.3638983267273751
17,25.0,1,0.37,0.3635721354897672
17,25.0,2,0.38,0.3646610385917819
18,15.0,0,0.34,0.3607320968541487
18,15.0,1,0.32,0.35245865815332134
18,15.0,2,0.34,0.3681826762291292
18,20.0,0,0.37,0.36570189957194066
18,20.0,1,0.37,0.35566895592525777
18,20.0,2,0.38,0.367638142211107
18,25.0,0,0.38,0.376117075736656
18,25.0,1,0.37,0.3675105985421798
18,25.0,2,0.38,0.3803224830043261
19,15.0,0,0.34,0.36129977188411566
19,15.0,1,0.32,0.3493066918636402
19,15.0,2,0.34,0.37045457300175005
19,20.0,0,0.37,0.3545875124001461
19,20.0,1,0.37,0.341599522712403
19,20.0,2,0.38,0.35583323126647887
19,25.0,0,0.38,0.37554989927144766
19,25.0,1,0.37,0.3725871880524857
19,25.0,2,0.38,0.37841638958153895
20,15.0,0,0.34,0.36120928645481626
20,15.0,1,0.32,0.35062373853324397
20,15.0,2,0.34,0.36948686980605894
20,20.0,0,0.37,0.3598001072055314
20,20.0,1,0.37,0.3477846932614571
20,20.0,2,0.38,0.362108216994848
20,25.0,0,0.38,0.37673806115122566
20,25.0,1,0.37,0.3719651987643196
20,25.0,2,0.38,0.37977667269181703
21,15.0,0,0.34,0.36061455080318505
21,15.0,1,0.32,0.35443477950671065
21,15.0,2,0.34,0.36672878948372134
21,20.0,0,0.37,0.3652597208441218
21,20.0,1,0.37,0.35427133469181915
21,20.0,2,0.38,0.3674585809190358
21,25.0,0,0.38,0.37812695359041415
21,25.0,1,0.37,0.36966786440420113
21,25.0,2,0.38,0.3819050884415675
22,15.0,0,0.34,0.363356721767257
22,15.0,1,0.32,0.35942092137570353
22,15.0,2,0.34,0.3669296145689799
22,20.0,0,0.37,0.3651933571668948
22,20.0,1,0.37,0.3567166130809011
22,20.0,2,0.38,0.3668571785011107
22,25.0,0,0.38,0.3740465764081351
22,25.0,1,0.37,0.3663500290389139
22,25.0,2,0.38,0.378070646507051
23,15.0,0,0.34,0.36915265701004774
23,15.0,1,0.32,0.3680786996492522
23,15.0,2,0.34,0.3704769708399
23,20.0,0,0.37,0.36269110983467784
23,20.0,1,0.37,0.3601237099566558
23,20.0,2,0.38,0.3633463501092785
23,25.0,0,0.38,0.3644922851105783
23,25.0,1,0.37,0.3622409230475273
23,25.0,2,0.38,0.3661966908914928
24,15.0,0,0.34,0.362529570034069
24,15.0,1,0.32,0.3556311167766369
24,15.0,2,0.34,0.36741469223964923
24,20.0,0,0.37,0.36756199029989844
24,20.0,1,0.37,0.35792278587193654
24,20.0,2,0.38,0.369852060501801
24,25.0,0,0.38,0.37603177390962106
24,25.0,1,0.37,0.3689872367706686
24,25.0,2,0.38,0.3805145760151985
25,15.0,0,0.34,0.36235011712695314
25,15.0,1,0.32,0.3548653679443489
25,15.0,2,0.34,0.36734734089152843
25,20.0,0,0.37,0.3689092034520362
25,20.0,1,0.37,0.35643138792895374
25,20.0,2,0.38,0.3714078153343238
25,25.0,0,0.38,0.37930744742019945
25,25.0,1,0.37,0.36932685797137227
25,25.0,2,0.38,0.3843046711847747
26,15.0,0,0.34,0.3623889067347572
26,15.0,1,0.32,0.3550390290062906
26,15.0,2,0.34,0.367361282425365
26,20.0,0,0.37,0.3688187767559851
26,20.0,1,0.37,0.3565372805147026
26,20.0,2,0.38,0.371304964601289
26,25.0,0,0.38,0.379133443022057
26,25.0,1,0.37,0.3693245489001477
26,25.0,2,0.38,0.3841058187126647
27,15.0,0,0.34,0.3627822997484496
27,15.0,1,0.32,0.3565792922296526
27,15.0,2,0.34,0.36751914185371276
27,20.0,0,0.37,0.3680289343548433
27,20.0,1,0.37,0.3574274305954448
27,20.0,2,0.38,0.37039735540747487
27,25.0,0,0.38,0.3775689590234616
27,25.0,1,0.37,0.36922309436180745
27,25.0,2,0.38,0.38230580112872475
28,15.0,0,0.34,0.36577088047336614
28,15.0,1,0.32,0.36362802333050903
28,15.0,2,0.34,0.36898516618765187
28,20.0,0,0.37,0.36471969924795766
28,20.0,1,0.37,0.3603670206765291
28,20.0,2,0.38,0.3663268421051005
28,25.0,0,0.38,0.3699670557592499
28,25.0,1,0.37,0.3668866986163927
28,25.0,2,0.38,0.3731813414735356
29,15.0,0,0.34,0.37038604218157245
29,15.0,1,0.32,0.3702013603779268
29,15.0,2,0.34,0.37114875404597925
29,20.0,0,0.37,0.36215535827190926
29,20.0,1,0.37,0.3615677343512185
29,20.0,2,0.38,0.36253671420411265
29,25.0,0,0.38,0.3624907196383347
29,25.0,1,0.37,0.36216452840072677
29,25.0,2,0.38,0.3632534315027415
30,15.0,0,0.34,0.3623132912996793
30,15.0,1,0.32,0.35556137483846556
30,15.0,2,0.34,0.3676719158028924
30,20.0,0,0.37,0.3678315649841705
30,20.0,1,0.37,0.3572173817429994
30,20.0,2,0.38,0.3699270692459322
30,25.0,0,0.38,0.3758492562914364
30,25.0,1,0.37,0.36742475961189525
30,25.0,2,0.38,0.38044517716705134
31,15.0,0,0.34,0.36268791636177267
31,15.0,1,0.32,0.3517743836089605
31,15.0,2,0.34,0.37010839814133906
31,20.0,0,0.37,0.36869232069414887
31,20.0,1,0.37,0.3575477749467105
31,20.0,2,0.38,0.370505667436122
31,25.0,0,0.38,0.37784230951966236
31,25.0,1,0.37,0.3744177800866344
31,25.0,2,0.38,0.38066632360269065
32,15.0,0,0.34,0.36212745633897847
32,15.0,1,0.32,0.3541298383136289
32,15.0,2,0.34,0.36855972557488653
32,20.0,0,0.37,0.36878877775209434
32,20.0,1,0.37,0.35712669271201397
32,20.0,2,0.38,0.3707360642807806
32,25.0,0,0.38,0.3788212197314473
32,25.0,1,0.37,0.3713120133958465
32,25.0,2,0.38,0.3823865886420087
33,15.0,0,0.34,0.36276748132261416
33,15.0,1,0.32,0.3564944708749218
33,15.0,2,0.34,0.36758883546760973
33,20.0,0,0.37,0.3683676522718953
33,20.0,1,0.37,0.3570076597140622
33,20.0,2,0.38,0.3704953915628319
33,25.0,0,0.38,0.3779175200853965
33,25.0,1,0.37,0.36870862133289045
33,25.0,2,0.38,0.3825298406227235
34,15.0,0,0.34,0.3661034432384514
34,15.0,1,0.32,0.36233877628332933
34,15.0,2,0.34,0.3696651077903539
34,20.0,0,0.37,0.36570133212830136
34,20.0,1,0.37,0.35837698529905176
34,20.0,2,0.38,0.3674616889211255
34,25.0,0,0.38,0.37081087310471667
34,25.0,1,0.37,0.364951391798809
34,25.0,2,0.38,0.37475769633995576
35,15.0,0,0.34,0.37035180541914586
35,15.0,1,0.32,0.3697210510184453
35,15.0,2,0.34,0.37153845576425926
35,20.0,0,0.37,0.36241034907419534
35,20.0,1,0.37,0.3609012245504052
35,20.0,2,0.38,0.3630045897975041
35,25.0,0,0.38,0.36261568580461306
35,25.0,1,0.37,0.3615565161896445
35,25.0,2,0.38,0.3639536405786225
36,15.0,0,0.34,0.3626237503453876
36,15.0,1,0.32,0.35686927487602427
36,15.0,2,0.34,0.36725455779657945
36,20.0,0,0.37,0.34623719013781307
36,20.0,1,0.37,0.33537948036270004
36,20.0,2,0.38,0.34862502180780547
36,25.0,0,0.38,0.37542813193356045
36,25.0,1,0.37,0.37051332812719084
36,25.0,2,0.38,0.37935799086270205
37,15.0,0,0.34,0.35667073009954203
37,15.0,1,0.32,0.34918598091693775
37,15.0,2,0.34,0.36166795386411726
37,20.0,0,0.37,0.3571383274916184
37,20.0,1,0.37,0.3446605119685359
37,20.0,2,0.38,0.359636939373906
37,25.0,0,0.38,0.3752276153954489
37,25.0,1,0.37,0.36524702594662173
37,25.0,2,0.38,0.3802248391600242
38,15.0,0,0.34,0.3616023205307513
38,15.0,1,0.32,0.3542524428022847
38,15.0,2,0.34,0.366574696221359
38,20.0,0,0.37,0.34715364652314085
38,20.0,1,0.37,0.33487215028185835
38,20.0,2,0.38,0.34963983436844476
38,25.0,0,0.38,0.37704725276427414
38,25.0,1,0.37,0.3672383586423649
38,25.0,2,0.38,0.3820196284548819
39,15.0,0,0.34,0.36257739912846176
39,15.0,1,0.32,0.3563743916096648
39,15.0,2,0.34,0.3673142412337249
39,20.0,0,0.37,0.3463437387853006
39,20.0,1,0.37,0.3357422350259021
39,20.0,2,0.38,0.3487121598379322
39,25.0,0,0.38,0.3776513149226188
39,25.0,1,0.37,0.3693054502609647
39,25.0,2,0.38,0.382388157027882
40,15.0,0,0.34,0.3638383135255247
40,15.0,1,0.32,0.3616954563826676
40,15.0,2,0.34,0.36705259923981043
40,20.0,0,0.37,0.35180263324936095
40,20.0,1,0.37,0.3474499546779324
40,20.0,2,0.38,0.3534097761065038
40,25.0,0,0.38,0.37345602093102137
40,25.0,1,0.37,0.3703756637881642
40,25.0,2,0.38,0.3766703066453071
41,15.0,0,0.34,0.3690245002982697
41,15.0,1,0.32,0.3688398184946241
41,15.0,2,0.34,0.3697872121626765
41,20.0,0,0.37,0.35957431798946043
41,20.0,1,0.37,0.35898669406876965
41,20.0,2,0.38,0.35995567392166383
41,25.0,0,0.38,0.36490724796584817
41,25.0,1,0.37,0.36458105672824026
41,25.0,2,0.38,0.36566995983025496
42,15.0,0,0.34,0.3605806169633182
42,15.0,1,0.32,0.3552128573005888
42,15.0,2,0.34,0.3693985515002222
42,20.0,0,0.37,0.349269557896999
42,20.0,1,0.37,0.33721160606923295
42,20.0,2,0.38,0.34745610622028844
42,25.0,0,0.38,0.373291332490936
42,25.0,1,0.37,0.36665465683759
42,25.0,2,0.38,0.376417195380788
43,15.0,0,0.34,0.3551898888207237
43,15.0,1,0.32,0.3471650962787675
43,15.0,2,0.34,0.36362640052783435
43,20.0,0,0.37,0.36261323647360194
43,20.0,1,0.37,0.34225957699448406
43,20.0,2,0.38,0.36020251844941503
43,25.0,0,0.38,0.3740936500376727
43,25.0,1,0.37,0.3711790234686955
43,25.0,2,0.38,0.37546411396642204
44,15.0,0,0.34,0.35936887519873695
44,15.0,1,0.32,0.3521162238802179
44,15.0,2,0.34,0.36880283415889115
44,20.0,0,0.37,0.35208192091268004
44,20.0,1,0.37,0.3331083658764687
44,20.0,2,0.38,0.3495461805033712
44,25.0,0,0.38,0.3752769174204552
44,25.0,1,0.37,0.3728859556277544
44,25.0,2,0.38,0.37763360464716156
45,15.0,0,0.34,0.36047588980847856
45,15.0,1,0.32,0.3547134229895875
45,15.0,2,0.34,0.36948287742573704
45,20.0,0,0.37,0.3495523524476699
45,20.0,1,0.37,0.33561966370295715
45,20.0,2,0.38,0.34749435913454574
45,25.0,0,0.38,0.3770528768087228
45,25.0,1,0.37,0.3719809485597818
45,25.0,2,0.38,0.3797560463517615
46,15.0,0,0.34,0.36251656815732514
46,15.0,1,0.32,0.36021119179048267
46,15.0,2,0.34,0.36863947571940114
46,20.0,0,0.37,0.3504494646087819
46,20.0,1,0.37,0.34658144985002365
46,20.0,2,0.38,0.3503203236454227
46,25.0,0,0.38,0.37497602998006335
46,25.0,1,0.37,0.3674712532135256
46,25.0,2,0.38,0.3781712834127997
47,15.0,0,0.34,0.3682838793671288
47,15.0,1,0.32,0.368152873194548
47,15.0,2,0.34,0.37023258491171546
47,20.0,0,0.37,0.3580435606067651
47,20.0,1,0.37,0.35767572992783525
47,20.0,2,0.38,0.35851919480374767
47,25.0,0,0.38,0.36558065912448395
47,25.0,1,0.37,0.36336303188013214
47,25.0,2,0.38,0.3672774605135186
48,15.0,0,0.34,0.36280804148263834
48,15.0,1,0.32,0.35673264174768576
48,15.0,2,0.34,0.3675156163301044
48,20.0,0,0.37,0.35582214876485335
48,20.0,1,0.37,0.3436059218410456
48,20.0,2,0.38,0.358304149462347
48,25.0,0,0.38,0.3761277323502579
48,25.0,1,0.37,0.36980480898444923
48,25.0,2,0.38,0.38044588303515237
49,15.0,0,0.34,0.36295617359385474
49,15.0,1,0.32,0.3554714244112505
49,15.0,2,0.34,0.36795339735843
49,20.0,0,0.37,0.3555338326323853
49,20.0,1,0.37,0.34305601710930284
49,20.0,2,0.38,0.3580324445146729
49,25.0,0,0.38,0.38264275529903824
49,25.0,1,0.37,0.37266216585021106
49,25.0,2,0.38,0.38763997906361347
50,15.0,0,0.34,0.36209296426020365
50,15.0,1,0.32,0.35474308653173703
50,15.0,2,0.34,0.36706533995081136
50,20.0,0,0.37,0.35549749742359543
50,20.0,1,0.37,0.34321600118231294
50,20.0,2,0.38,0.3579836852688993
50,25.0,0,0.38,0.3785849115187836
50,25.0,1,0.37,0.3687760173968744
50,25.0,2,0.38,0.38355728720939136
51,15.0,0,0.34,0.3627612630412097
51,15.0,1,0.32,0.3565582555224127
51,15.0,2,0.34,0.36749810514647285
51,20.0,0,0.37,0.36114331337981065
51,20.0,1,0.37,0.35054180962041215
51,20.0,2,0.38,0.3635117344324422
51,25.0,0,0.38,0.3773692786818007
51,25.0,1,0.37,0.36902341402014655
51,25.0,2,0.38,0.38210612078706385
52,15.0,0,0.34,0.36432140147330305
52,15.0,1,0.32,0.36217854433044594
52,15.0,2,0.34,0.3675356871875888
52,20.0,0,0.37,0.36469519683912677
52,20.0,1,0.37,0.3603425182676982
52,20.0,2,0.38,0.36630233969626963
52,25.0,0,0.38,0.3731129351386249
52,25.0,1,0.37,0.3700325779957678
52,25.0,2,0.38,0.37632722085291065
53,15.0,0,0.34,0.3691694751451001
53,15.0,1,0.32,0.36898479334145445
53,15.0,2,0.34,0.36993218700950686
53,20.0,0,0.37,0.3627476115740706
53,20.0,1,0.37,0.3621599876533798
53,20.0,2,0.38,0.36312896750627394
53,25.0,0,0.38,0.36477891125916195
53,25.0,1,0.37,0.36445272002155404
53,25.0,2,0.38,0.36554162312356875
54,15.0,0,0.34,0.3617493960194791
54,15.0,1,0.32,0.35381415519359494
54,15.0,2,0.34,0.3681363470617537
54,20.0,0,0.37,0.35622293186480575
54,20.0,1,0.37,0.346901096771718
54,20.0,2,0.38,0.356348261164988
54,25.0,0,0.38,0.3751281534522867
54,25.0,1,0.37,0.36745481868200225
54,25.0,2,0.38,0.37841785418409707
55,15.0,0,0.34,0.3608855387318424
55,15.0,1,0.32,0.35353630359598054
55,15.0,2,0.34,0.3715644338497594
55,20.0,0,0.37,0.3574933762857925
55,20.0,1,0.37,0.3431830751345245
55,20.0,2,0.38,0.3563366454269292
55,25.0,0,0.38,0.38106716341869346
55,25.0,1,0.37,0.3784515500120057
55,25.0,2,0.38,0.3838466458698745
56,15.0,0,0.34,0.3608510275755876
56,15.0,1,0.32,0.3529950240798264
56,15.0,2,0.34,0.36919672840398654
56,20.0,0,0.37,0.35568712063249736
56,20.0,1,0.37,0.34548812379942856
56,20.0,2,0.38,0.35538647378771465
56,25.0,0,0.38,0.37706713198331165
56,25.0,1,0.37,0.37425672550588773
56,25.0,2,0.38,0.3797997890623388
57,15.0,0,0.34,0.36206356318535493
57,15.0,1,0.32,0.3545341323516192
57,15.0,2,0.34,0.3680190142577332
57,20.0,0,0.37,0.3604022382328927
57,20.0,1,0.37,0.3510966102445729
57,20.0,2,0.38,0.3612350921225494
57,25.0,0,0.38,0.3768138128975404
57,25.0,1,0.37,0.3717227014364725
57,25.0,2,0.38,0.3796981988052562
58,15.0,0,0.34,0.36415949482829835
58,15.0,1,0.32,0.3603259513415564
58,15.0,2,0.34,0.3685910801524443
58,20.0,0,0.37,0.36574055850269405
58,20.0,1,0.37,0.35711079620867536
58,20.0,2,0.38,0.36711340190451125
58,25.0,0,0.38,0.37452917826866156
58,25.0,1,0.37,0.3670761579042901
58,25.0,2,0.38,0.377820960308752
59,15.0,0,0.34,0.3687497902259514
59,15.0,1,0.32,0.36830438923811193
59,15.0,2,0.34,0.37050021123734084
59,20.0,0,0.37,0.36324479420852346
59,20.0,1,0.37,0.3609098098667189
59,20.0,2,0.38,0.36402070568760425
59,25.0,0,0.38,0.36535127206267914
59,25.0,1,0.37,0.3632256175846701
59,25.0,2,0.38,0.36706803392153603
60,15.0,0,0.34,0.3590416774573157
60,15.0,1,0.32,0.35266382790975825
60,15.0,2,0.34,0.36381753025758706
60,20.0,0,0.37,0.3617719597580904
60,20.0,1,0.37,0.3516689077759951
60,20.0,2,0.38,0.36410092054100845
60,25.0,0,0.38,0.37533472367428444
60,25.0,1,0.37,0.36868904028568106
60,25.0,2,0.38,0.37972893598223745
61,15.0,0,0.34,0.3602610491235554
61,15.0,1,0.32,0.35277629994095117
61,15.0,2,0.34,0.3652582728881306
61,20.0,0,0.37,0.3548513489994274
61,20.0,1,0.37,0.3423735334763449
61,20.0,2,0.38,0.357349960881715
61,25.0,0,0.38,0.3770122441809981
61,25.0,1,0.37,0.3670316547321709
61,25.0,2,0.38,0.38200946794557333
62,15.0,0,0.34,0.359654858737362
62,15.0,1,0.32,0.3523049810088954
62,15.0,2,0.34,0.36462723442796974
62,20.0,0,0.37,0.3587641313840071
62,20.0,1,0.37,0.3464826351427246
62,20.0,2,0.38,0.36125031922931095
62,25.0,0,0.38,0.3771813049818998
62,25.0,1,0.37,0.36737241085999056
62,25.0,2,0.38,0.38215368067250755
63,15.0,0,0.34,0.35904654572656114
63,15.0,1,0.32,0.35284353820776415
63,15.0,2,0.34,0.3637833878318243
63,20.0,0,0.37,0.36173994715113794
63,20.0,1,0.37,0.35113844339173944
63,20.0,2,0.38,0.3641083682037695
63,25.0,0,0.38,0.3765601191830618
63,25.0,1,0.37,0.36821425452140766
63,25.0,2,0.38,0.38129696128832496
64,15.0,0,0.34,0.3615527596663153
64,15.0,1,0.32,0.3594099025234581
64,15.0,2,0.34,0.364767045380601
64,20.0,0,0.37,0.3610572187355452
64,20.0,1,0.37,0.3567045401641166
64,20.0,2,0.38,0.36266436159268806
64,25.0,0,0.38,0.3715064983989566
64,25.0,1,0.37,0.36842614125609946
64,25.0,2,0.38,0.37472078411324233
65,15.0,0,0.34,0.36880249727893333
65,15.0,1,0.32,0.36861781547528766
65,15.0,2,0.34,0.3695652091433401
65,20.0,0,0.37,0.36133109392010465
65,20.0,1,0.37,0.3607434699994139
65,20.0,2,0.38,0.36171244985230805
65,25.0,0,0.38,0.36362018114292616
65,25.0,1,0.37,0.3632939899053182
65,25.0,2,0.38,0.3643828930073329
66,15.0,0,0.34,0.3589544260877627
66,15.0,1,0.32,0.34979943901165866
66,15.0,2,0.34,0.3671942323870959
66,20.0,0,0.37,0.3619242519956812
66,20.0,1,0.37,0.3527996408607665
66,20.0,2,0.38,0.36400014872467384
66,25.0,0,0.38,0.3750564779306118
66,25.0,1,0.37,0.36646061272680786
66,25.0,2,0.38,0.378677832141849
67,15.0,0,0.34,0.3603093404828401
67,15.0,1,0.32,0.34821800732586605
67,15.0,2,0.34,0.3697139541984353
67,20.0,0,0.37,0.35637990253361956
67,20.0,1,0.37,0.341884880152283
67,20.0,2,0.38,0.3562741080391448
67,25.0,0,0.38,0.3750939409846881
67,25.0,1,0.37,0.3725321179949043
67,25.0,2,0.38,0.3782775067275154
68,15.0,0,0.34,0.3598956731165508
68,15.0,1,0.32,0.3481733256646935
68,15.0,2,0.34,0.36884549778664133
68,20.0,0,0.37,0.35899582306807515
68,20.0,1,0.37,0.34619260972264304
68,20.0,2,0.38,0.36116411122764047
68,25.0,0,0.38,0.37595274509501264
68,25.0,1,0.37,0.37165937179097847
68,25.0,2,0.38,0.3791629332666765
69,15.0,0,0.34,0.35844225060782214
69,15.0,1,0.32,0.35204521530770716
69,15.0,2,0.34,0.36558936677704706
69,20.0,0,0.37,0.3617641568754327
69,20.0,1,0.37,0.35127086599843543
69,20.0,2,0.38,0.3642279980112167
69,25.0,0,0.38,0.3766108610172023
69,25.0,1,0.37,0.3695992316160616
69,25.0,2,0.38,0.38003502933944927
70,15.0,0,0.34,0.3614119386143397
70,15.0,1,0.32,0.35846485879048606
70,15.0,2,0.34,0.36480786333951165
70,20.0,0,0.37,0.36209893766867135
70,20.0,1,0.37,0.35440658162588445
70,20.0,2,0.38,0.3635784415076014
70,25.0,0,0.38,0.37358251994137853
70,25.0,1,0.37,0.365241169971191
70,25.0,2,0.38,0.3770649513610782
71,15.0,0,0.34,0.3685790701363495
71,15.0,1,0.32,0.3675900786254664
71,15.0,2,0.34,0.3695752246934341
71,20.0,0,0.37,0.36191600123634116
71,20.0,1,0.37,0.35917947236991077
71,20.0,2,0.38,0.3623929768173873
71,25.0,0,0.38,0.3648541183361219
71,25.0,1,0.37,0.36173665291450435
71,25.0,2,0.38,0.36629870299763173
72,15.0,0,0.34,0.3588645348351866
72,15.0,1,0.32,0.3527823227305607
72,15.0,2,0.34,0.36357368959303155
72,20.0,0,0.37,0.35947597856956376
72,20.0,1,0.37,0.3498357167924689
72,20.0,2,0.38,0.3617661399481397
72,25.0,0,0.38,0.3740701918543921
72,25.0,1,0.37,0.3682669281173055
72,25.0,2,0.38,0.3782566496812122
73,15.0,0,0.34,0.36033072136453387
73,15.0,1,0.32,0.35284597218192965
73,15.0,2,0.34,0.3653279451291091
73,20.0,0,0.37,0.35520330700272934
73,20.0,1,0.37,0.34272549147964687
73,20.0,2,0.38,0.35770191888501696
73,25.0,0,0.38,0.37895227745096877
73,25.0,1,0.37,0.36897168800214153
73,25.0,2,0.38,0.383949501215544
74,15.0,0,0.34,0.35972406653835853
74,15.0,1,0.32,0.3523741888098919
74,15.0,2,0.34,0.36469644222896624
74,20.0,0,0.37,0.356601421345979
74,20.0,1,0.37,0.3443199251046965
74,20.0,2,0.38,0.35908760919128285
74,25.0,0,0.38,0.3771800178047215
74,25.0,1,0.37,0.3673711236828123
74,25.0,2,0.38,0.38215239349532926
75,15.0,0,0.34,0.358892213005591
75,15.0,1,0.32,0.352689205486794
75,15.0,2,0.34,0.36362905511085414
75,20.0,0,0.37,0.35926015281040385
75,20.0,1,0.37,0.34865864905100535
75,20.0,2,0.38,0.36162857386303543
75,25.0,0,0.38,0.37578083112538424
75,25.0,1,0.37,0.3674349664637301
75,25.0,2,0.38,0.3805176732306474
76,15.0,0,0.34,0.3603032421060935
76,15.0,1,0.32,0.3581603849632363
76,15.0,2,0.34,0.3635175278203792
76,20.0,0,0.37,0.3593421364630888
76,20.0,1,0.37,0.35498945789166025
76,20.0,2,0.38,0.3609492793202317
76,25.0,0,0.38,0.37162640364460214
76,25.0,1,0.37,0.368546046501745
76,25.0,2,0.38,0.37484068935888787
77,15.0,0,0.34,0.3677594275393532
77,15.0,1,0.32,0.36757474573570753
77,15.0,2,0.34,0.36852213940376
77,20.0,0,0.37,0.3606829767154748
77,20.0,1,0.37,0.36009535279478405
77,20.0,2,0.38,0.3610643326476782
77,25.0,0,0.38,0.3643235207467442
77,25.0,1,0.37,0.36399732950913627
77,25.0,2,0.38,0.365086232611151
78,15.0,0,0.34,0.35865146303221174
78,15.0,1,0.32,0.35040132339170904
78,15.0,2,0.34,0.3667597493948145
78,20.0,0,0.37,0.3598104437520441
78,20.0,1,0.37,0.3515656208001686
78,20.0,2,0.38,0.3619297646742557
78,25.0,0,0.38,0.3737593022727832
78,25.0,1,0.37,0.3657723989641329
78,25.0,2,0.38,0.37713330293441555
79,15.0,0,0.34,0.3604640068060848
79,15.0,1,0.32,0.3484973800777241
79,15.0,2,0.34,0.36986176295158885
79,20.0,0,0.37,0.35767675688742995
79,20.0,1,0.37,0.3409937478661129
79,20.0,2,0.38,0.356939545164094
79,25.0,0,0.38,0.37700155017801984
79,25.0,1,0.37,0.3747737539512761
79,25.0,2,0.38,0.3808205545769605
80,15.0,0,0.34,0.3599113106516498
80,15.0,1,0.32,0.34800058592573946
80,15.0,2,0.34,0.3690503536932328
80,20.0,0,0.37,0.357891036658251
80,20.0,1,0.37,0.34316879004061857
80,20.0,2,0.38,0.3592129825747535
80,25.0,0,0.38,0.37591635537815965
80,25.0,1,0.37,0.37134153903902306
80,25.0,2,0.38,0.37950486577853276
81,15.0,0,0.34,0.35844195606685986
81,15.0,1,0.32,0.3511013910898758
81,15.0,2,0.34,0.3662135395379771
81,20.0,0,0.37,0.35957876419737456
81,20.0,1,0.37,0.34853896875805507
81,20.0,2,0.38,0.36217395676480707
81,25.0,0,0.38,0.37578471654293494
81,25.0,1,0.37,0.36930379641875544
81,25.0,2,0.38,0.3793749081407725
82,15.0,0,0.34,0.36000841473076306
82,15.0,1,0.32,0.3574688487926086
82,15.0,2,0.34,0.36369987530927717
82,20.0,0,0.37,0.36010403508265904
82,20.0,1,0.37,0.35305398057977055
82,20.0,2,0.38,0.36167317420187317
82,25.0,0,0.38,0.3735186447658063
82,25.0,1,0.37,0.3655346912542524
82,25.0,2,0.38,0.3768481389801145
83,15.0,0,0.34,0.36735773566163504
83,15.0,1,0.32,0.3663213971546973
83,15.0,2,0.34,0.36835398950405907
83,20.0,0,0.37,0.3612398556238846
83,20.0,1,0.37,0.35811703847585
83,20.0,2,0.38,0.3617093591630891
83,25.0,0,0.38,0.36598219772687
83,25.0,1,0.37,0.3619445255718639
83,25.0,2,0.38,0.3674798375576695
84,15.0,0,0.34,0.3568966161814887
84,15.0,1,0.32,0.3516688632011103
84,15.0,2,0.34,0.36722540606929016
84,20.0,0,0.37,0.353733416612904
84,20.0,1,0.37,0.3384634152883649
84,20.0,2,0.38,0.352406983365106
84,25.0,0,0.38,0.3909479357714302
84,25.0,1,0.37,0.3948916602750069
84,25.0,2,0.38,0.3986444393863565
85,15.0,0,0.34,0.3568967208999222
85,15.0,1,0.32,0.35166881006498407
85,15.0,2,0.34,0.3672253968989862
85,20.0,0,0.37,0.35171034300154075
85,20.0,1,0.37,0.34340172131001945
85,20.0,2,0.38,0.35327045021959375
85,25.0,0,0.38,0.38291624255202383
85,25.0,1,0.37,0.38291961538626695
85,25.0,2,0.38,0.38390726294907324
86,15.0,0,0.34,0.35689663197654853
86,15.0,1,0.32,0.35166881439658554
86,15.0,2,0.34,0.3672254540162478
86,20.0,0,0.37,0.35373341932577496
86,20.0,1,0.37,0.3384634181856637
86,20.0,2,0.38,0.35240698941439286
86,25.0,0,0.38,0.3922730981620526
86,25.0,1,0.37,0.39642984538377946
86,25.0,2,0.38,0.40026729194937505
87,15.0,0,0.34,0.3568966133217901
87,15.0,1,0.32,0.35166887001780234
87,15.0,2,0.34,0.36722540286241945
87,20.0,0,0.37,0.35171034511191107
87,20.0,1,0.37,0.34340172080131026
87,20.0,2,0.38,0.3532704495806412
87,25.0,0,0.38,0.39301215362564723
87,25.0,1,0.37,0.3933934826560589
87,25.0,2,0.38,0.39575026703175786
88,15.0,0,0.34,0.3568966296210939
88,15.0,1,0.32,0.35166888051848755
88,15.0,2,0.34,0.36722538135324984
88,20.0,0,0.37,0.35428661334166717
88,20.0,1,0.37,0.33934508539065394
88,20.0,2,0.38,0.354067235175665
88,25.0,0,0.38,0.37992440856779075
88,25.0,1,0.37,0.3799174790110882
88,25.0,2,0.38,0.38175141502068954
89,15.0,0,0.34,0.3568965884365871
89,15.0,1,0.32,0.3516689083728109
89,15.0,2,0.34,0.36722538208452793
89,20.0,0,0.37,0.3530560328287701
89,20.0,1,0.37,0.34393421915570327
89,20.0,2,0.38,0.35566468627703113
89,25.0,0,0.38,0.3799244275725018
89,25.0,1,0.37,0.3799174981492328
89,25.0,2,0.38,0.38175137874985676
90,15.0,0,0.34,0.35697300551977496
90,15.0,1,0.32,0.3520244775919766
90,15.0,2,0.34,0.3673999239075388
90,20.0,0,0.37,0.3540129723812027
90,20.0,1,0.37,0.33987336488012876
90,20.0,2,0.38,0.3530471973133432
90,25.0,0,0.38,0.3884660330752931
90,25.0,1,0.37,0.39012105925307233
90,25.0,2,0.38,0.3932240560515541
91,15.0,0,0.34,0.3569729951607728
91,15.0,1,0.32,0.35202450506318017
91,15.0,2,0.34,0.367399907395631
91,20.0,0,0.37,0.3522705958116596
91,20.0,1,0.37,0.34553032020411156
91,20.0,2,0.38,0.35385488138626475
91,25.0,0,0.38,0.38188546461515
91,25.0,1,0.37,0.3818884294384791
91,25.0,2,0.38,0.38265330372905954
92,15.0,0,0.34,0.3569730027118099
92,15.0,1,0.32,0.3520244851743903
92,15.0,2,0.34,0.36739992139906963
92,20.0,0,0.37,0.3540129723812027
92,20.0,1,0.37,0.33987336488012876
92,20.0,2,0.38,0.3530471973133432
92,25.0,0,0.38,0.38846600446335333
92,25.0,1,0.37,0.3901210267545147
92,25.0,2,0.38,0.39322401891798103
93,15.0,0,0.34,0.35697300725385495
93,15.0,1,0.32,0.35202449818699494
93,15.0,2,0.34,0.3673999025732238
93,20.0,0,0.37,0.35227058046100124
93,20.0,1,0.37,0.3455303369677912
93,20.0,2,0.38,0.3538548707816728
93,25.0,0,0.38,0.3843353912338355
93,25.0,1,0.37,0.3843379981388679
93,25.0,2,0.38,0.3853028257076855
94,15.0,0,0.34,0.3569730009687079
94,15.0,1,0.32,0.35202446147372646
94,15.0,2,0.34,0.36739994715668106
94,20.0,0,0.37,0.3540768077780204
94,20.0,1,0.37,0.3397241439504135
94,20.0,2,0.38,0.35317307286915073
94,25.0,0,0.38,0.39414890231391686
94,25.0,1,0.37,0.3959485155522803
94,25.0,2,0.38,0.4002036972452933
95,15.0,0,0.34,0.35697300123018455
95,15.0,1,0.32,0.35202449191461455
95,15.0,2,0.34,0.367399917810681
95,20.0,0,0.37,0.3525139379535664
95,20.0,1,0.37,0.34481547174489113
95,20.0,2,0.38,0.35439388805955735
95,25.0,0,0.38,0.3910166341521544
95,25.0,1,0.37,0.39096540148741793
95,25.0,2,0.38,0.39370066434820034
96,15.0,0,0.34,0.35887921389775496
96,15.0,1,0.32,0.35240122018692915
96,15.0,2,0.34,0.3686532699906074
96,20.0,0,0.37,0.35839319321216706
96,20.0,1,0.37,0.3448291010359838
96,20.0,2,0.38,0.3575606820449765
96,25.0,0,0.38,0.3895094985127726
96,25.0,1,0.37,0.3921980073255625
96,25.0,2,0.38,0.39604207119937085
97,15.0,0,0.34,0.3585461395666191
97,15.0,1,0.32,0.35302997036742384
97,15.0,2,0.34,0.36841334460442654
97,20.0,0,0.37,0.35317903499990266
97,20.0,1,0.37,0.3449909852648391
97,20.0,2,0.38,0.3546123043702842
97,25.0,0,0.38,0.3897472430057892
97,25.0,1,0.37,0.3897459832632517
97,25.0,2,0.38,0.39172467529054283
98,15.0,0,0.34,0.3588793345304726
98,15.0,1,0.32,0.3524010292770008
98,15.0,2,0.34,0.36865331747915764
98,20.0,0,0.37,0.35839318729532205
98,20.0,1,0.37,0.34482910265381517
98,20.0,2,0.38,0.3575606811187077
98,25.0,0,0.38,0.3895095038612681
98,25.0,1,0.37,0.39219804909136247
98,25.0,2,0.38,0.3960421065872794
99,15.0,0,0.34,0.3585461110522996
99,15.0,1,0.32,0.35302999934286294
99,15.0,2,0.34,0.36841337244740013
99,20.0,0,0.37,0.35317903499990266
99,20.0,1,0.37,0.3449909852648391
99,20.0,2,0.38,0.3546123043702842
99,25.0,0,0.38,0.3897472430057892
99,25.0,1,0.37,0.3897459832632517
99,25.0,2,0.38,0.39172467529054283
100,15.0,0,0.34,0.35887922889482365
100,15.0,1,0.32,0.35240119068140086
100,15.0,2,0.34,0.36865328255301
100,20.0,0,0.37,0.35713475149283963
100,20.0,1,0.37,0.3429239989471064
100,20.0,2,0.38,0.35624088874561183
100,25.0,0,0.38,0.39501075100292793
100,25.0,1,0.37,0.3957725659595578
100,25.0,2,0.38,0.39990982663315877
101,15.0,0,0.34,0.358546158244297
101,15.0,1,0.32,0.3530299976024342
101,15.0,2,0.34,0.3684133539275449
101,20.0,0,0.37,0.354336369322232
101,20.0,1,0.37,0.3461356372513234
101,20.0,2,0.38,0.35575553422973494
101,25.0,0,0.38,0.3917324661545107
101,25.0,1,0.37,0.39171095000648415
101,25.0,2,0.38,0.39438622863070827
102,15.0,0,0.34,0.35894296041528134
102,15.0,1,0.32,0.3526908767889422
102,15.0,2,0.34,0.3688892406363113
102,20.0,0,0.37,0.3582750010641859
102,20.0,1,0.37,0.34478756985692943
102,20.0,2,0.38,0.35793594841807846
102,25.0,0,0.38,0.3884658492069796
102,25.0,1,0.37,0.39012085012600095
102,25.0,2,0.38,0.39322385992275644
103,15.0,0,0.34,0.3586597317869208
103,15.0,1,0.32,0.3532252474186971
103,15.0,2,0.34,0.3686658271141161
103,20.0,0,0.37,0.3522711801385229
103,20.0,1,0.37,0.345530923807237
103,20.0,2,0.38,0.3538555013519341
103,25.0,0,0.38,0.38702247934025963
103,25.0,1,0.37,0.3870244998067666
103,25.0,2,0.38,0.3884455188348738
104,15.0,0,0.34,0.3589429345924354
104,15.0,1,0.32,0.35269088900121826
104,15.0,2,0.34,0.3688892259308344
104,20.0,0,0.37,0.35827499440550986
104,20.0,1,0.37,0.3447875920602473
104,20.0,2,0.38,0.3579359362593475
104,25.0,0,0.38,0.38846607835306424
104,25.0,1,0.37,0.3901211353000862
104,25.0,2,0.38,0.3932241741105065
105,15.0,0,0.34,0.35865973616327673
105,15.0,1,0.32,0.3532252435739944
105,15.0,2,0.34,0.3686658268458697
105,20.0,0,0.37,0.3522711801385229
105,20.0,1,0.37,0.345530923807237
105,20.0,2,0.38,0.3538555013519341
105,25.0,0,0.38,0.38702260286182416
105,25.0,1,0.37,0.38702462305317575
105,25.0,2,0.38,0.38844567373539635
106,15.0,0,0.34,0.3589428410478294
106,15.0,1,0.32,0.3526909087406759
106,15.0,2,0.34,0.36888923843992455
106,20.0,0,0.37,0.35827500203393703
106,20.0,1,0.37,0.3447875788497138
106,20.0,2,0.38,0.3579359566735416
106,25.0,0,0.38,0.3896036362793754
106,25.0,1,0.37,0.39138575897029754
106,25.0,2,0.38,0.3951118741495257
107,15.0,0,0.34,0.3586597246921958
107,15.0,1,0.32,0.35322519270926384
107,15.0,2,0.34,0.3686658733363389
107,20.0,0,0.37,0.3535950628988921
107,20.0,1,0.37,0.34668786406962865
107,20.0,2,0.38,0.35516426565630166
107,25.0,0,0.38,0.3886849379707441
107,25.0,1,0.37,0.38867849464574955
107,25.0,2,0.38,0.3906130772716091
108,15.0,0,0.34,0.3589939841503017
108,15.0,1,0.32,0.35249316968593347
108,15.0,2,0.34,0.3687141185933406
108,20.0,0,0.37,0.3583936754365929
108,20.0,1,0.37,0.3448298722328486
108,20.0,2,0.38,0.3575612068398754
108,25.0,0,0.38,0.38950914340632375
108,25.0,1,0.37,0.39219755451781546
108,25.0,2,0.38,0.3960415730147241
109,15.0,0,0.34,0.35866982878337417
109,15.0,1,0.32,0.3531287874219201
109,15.0,2,0.34,0.36848618986559384
109,20.0,0,0.37,0.35646470813761927
109,20.0,1,0.37,0.34878152970048115
109,20.0,2,0.38,0.3576233016081234
109,25.0,0,0.38,0.3717303107729083
109,25.0,1,0.37,0.37173227858130664
109,25.0,2,0.38,0.37190943972340207
110,15.0,0,0.34,0.35899394935063184
110,15.0,1,0.32,0.35249320121908523
110,15.0,2,0.34,0.3687141120041179
110,20.0,0,0.37,0.35839367415261886
110,20.0,1,0.37,0.34482987514084484
110,20.0,2,0.38,0.357561206383977
110,25.0,0,0.38,0.38950914373837225
110,25.0,1,0.37,0.3921975482263075
110,25.0,2,0.38,0.3960415666488503
111,15.0,0,0.34,0.35866982878337417
111,15.0,1,0.32,0.3531287874219201
111,15.0,2,0.34,0.36848618986559384
111,20.0,0,0.37,0.3564646846720797
111,20.0,1,0.37,0.348781539483097
111,20.0,2,0.38,0.3576233144319369
111,25.0,0,0.38,0.38974698557107174
111,25.0,1,0.37,0.38974572544753894
111,25.0,2,0.38,0.39172445182868015
112,15.0,0,0.34,0.3589939775090495
112,15.0,1,0.32,0.3524931845761675
112,15.0,2,0.34,0.36871411304790414
112,20.0,0,0.37,0.35831716187147417
112,20.0,1,0.37,0.34491369463073096
112,20.0,2,0.38,0.3577883968861837
112,25.0,0,0.38,0.38121202421732614
112,25.0,1,0.37,0.38119409635830187
112,25.0,2,0.38,0.3837025681344033
113,15.0,0,0.34,0.358669830690816
113,15.0,1,0.32,0.35312878278093984
113,15.0,2,0.34,0.3684861924649309
113,20.0,0,0.37,0.35589129166846256
113,20.0,1,0.37,0.3475739518616934
113,20.0,2,0.38,0.3577640540427778
113,25.0,0,0.38,0.38121201798465265
113,25.0,1,0.37,0.38119409020593203
113,25.0,2,0.38,0.3837025564071267
114,15.0,0,0.34,0.35904380452662216
114,15.0,1,0.32,0.3527869077761966
114,15.0,2,0.34,0.3689587764310116
114,20.0,0,0.37,0.3582758676070713
114,20.0,1,0.37,0.34478877444961864
114,20.0,2,0.38,0.3579369319986528
114,25.0,0,0.38,0.38794869014801603
114,25.0,1,0.37,0.3894867836315316
114,25.0,2,0.38,0.3930581292009321
115,15.0,0,0.34,0.3587725427065074
115,15.0,1,0.32,0.35331600558610343
115,15.0,2,0.34,0.3687454607318659
115,20.0,0,0.37,0.35630947542304325
115,20.0,1,0.37,0.34972075438076533
115,20.0,2,0.38,0.35773802005310595
115,25.0,0,0.38,0.3705701299562184
115,25.0,1,0.37,0.3705716284642938
115,25.0,2,0.38,0.37064933305510406
116,15.0,0,0.34,0.3590438279258567
116,15.0,1,0.32,0.3527868618192897
116,15.0,2,0.34,0.3689587890200915
116,20.0,0,0.37,0.3582758676070713
116,20.0,1,0.37,0.34478877444961864
116,20.0,2,0.38,0.3579369319986528
116,25.0,0,0.38,0.38794867671582123
116,25.0,1,0.37,0.38948674835845765
116,25.0,2,0.38,0.39305807911388446
117,15.0,0,0.34,0.3587725427065074
117,15.0,1,0.32,0.35331600558610343
117,15.0,2,0.34,0.3687454607318659
117,20.0,0,0.37,0.35630947542304325
117,20.0,1,0.37,0.34972075438076533
117,20.0,2,0.38,0.35773802005310595
117,25.0,0,0.38,0.387022598083884
117,25.0,1,0.37,0.38702461800672594
117,25.0,2,0.38,0.3884457265919523
118,15.0,0,0.34,0.35904379383117724
118,15.0,1,0.32,0.3527869068202053
118,15.0,2,0.34,0.3689587745989979
118,20.0,0,0.37,0.35827586454713195
118,20.0,1,0.37,0.3447887746816808
118,20.0,2,0.38,0.35793693307406216
118,25.0,0,0.38,0.38841779799156395
118,25.0,1,0.37,0.38960166684747816
118,25.0,2,0.38,0.3937052056852624
119,15.0,0,0.34,0.3587725475024323
119,15.0,1,0.32,0.3533159984546421
119,15.0,2,0.34,0.3687454591445162
119,20.0,0,0.37,0.35638549834340655
119,20.0,1,0.37,0.34934417694632536
119,20.0,2,0.38,0.3578708852670711
119,25.0,0,0.38,0.38693497206783983
119,25.0,1,0.37,0.38689575991916014
119,25.0,2,0.38,0.38965231409162565
120,15.0,0,0.34,0.3588660762235849
120,15.0,1,0.32,0.35239977946783074
120,15.0,2,0.34,0.3686504291479721
120,20.0,0,0.37,0.3583853714339404
120,20.0,1,0.37,0.3448199593496733
120,20.0,2,0.38,0.3575525555748565
120,25.0,0,0.38,0.3613905534745318
120,25.0,1,0.37,0.3613906389045991
120,25.0,2,0.38,0.36139542792416357
121,15.0,0,0.34,0.358537985765549
121,15.0,1,0.32,0.3530192452767664
121,15.0,2,0.34,0.36841411137657354
121,20.0,0,0.37,0.3531641947491329
121,20.0,1,0.37,0.3449744208401142
121,20.0,2,0.38,0.35459845931975004
121,25.0,0,0.38,0.3613773713268047
121,25.0,1,0.37,0.3613774543399801
121,25.0,2,0.38,0.36138205345831054
122,15.0,0,0.34,0.35886603274588147
122,15.0,1,0.32,0.3523997925891965
122,15.0,2,0.34,0.3686504545864989
122,20.0,0,0.37,0.3583853554654146
122,20.0,1,0.37,0.34481998043881673
122,20.0,2,0.38,0.3575525253743335
122,25.0,0,0.38,0.3895095582467021
122,25.0,1,0.37,0.3921977828855209
122,25.0,2,0.38,0.39604181415395295
123,15.0,0,0.34,0.358537985765549
123,15.0,1,0.32,0.3530192452767664
123,15.0,2,0.34,0.36841411137657354
123,20.0,0,0.37,0.3531641947491329
123,20.0,1,0.37,0.3449744208401142
123,20.0,2,0.38,0.35459845931975004
123,25.0,0,0.38,0.3844525128720415
123,25.0,1,0.37,0.3844413293528208
123,25.0,2,0.38,0.3873040862036011
124,15.0,0,0.34,0.35886602488084657
124,15.0,1,0.32,0.35239986013832797
124,15.0,2,0.34,0.36865037223067776
124,20.0,0,0.37,0.35946783399331167
124,20.0,1,0.37,0.3463847944076401
124,20.0,2,0.38,0.3589066705937039
124,25.0,0,0.38,0.3898925978148045
124,25.0,1,0.37,0.3924957403073849
124,25.0,2,0.38,0.39664856382268115
125,15.0,0,0.34,0.35853799814441023
125,15.0,1,0.32,0.3530193025767312
125,15.0,2,0.34,0.3684141034420504
125,20.0,0,0.37,0.354332159681046
125,20.0,1,0.37,0.34613232995945886
125,20.0,2,0.38,0.35575074580750116
125,25.0,0,0.38,0.3892981208729194
125,25.0,1,0.37,0.38929007321337605
125,25.0,2,0.38,0.3917292968313208
126,15.0,0,0.34,0.3589220988848263
126,15.0,1,0.32,0.3527057887580024
126,15.0,2,0.34,0.3688875927478633
126,20.0,0,0.37,0.3582587811902092
126,20.0,1,0.37,0.3447693369525435
126,20.0,2,0.38,0.3579186112340531
126,25.0,0,0.38,0.3624416761396016
126,25.0,1,0.37,0.36244186783863225
126,25.0,2,0.38,0.3624522876508209
127,15.0,0,0.34,0.35864937116009443
127,15.0,1,0.32,0.35322079807218487
127,15.0,2,0.34,0.36867149197302995
127,20.0,0,0.37,0.3522700507730246
127,20.0,1,0.37,0.3455279483121281
127,20.0,2,0.38,0.35385487075831584
127,25.0,0,0.38,0.36221751197017416
127,25.0,1,0.37,0.3622176602805416
127,25.0,2,0.38,0.3622247317055789
128,15.0,0,0.34,0.35892213837174286
128,15.0,1,0.32,0.35270577149480276
128,15.0,2,0.34,0.3688875793390032
128,20.0,0,0.37,0.3582587811902092
128,20.0,1,0.37,0.3447693369525435
128,20.0,2,0.38,0.3579186112340531
128,25.0,0,0.38,0.388463727277842
128,25.0,1,0.37,0.390118381808259
128,25.0,2,0.38,0.3932212111510339
129,15.0,0,0.34,0.35864938826405035
129,15.0,1,0.32,0.35322072515610803
129,15.0,2,0.34,0.36867154201755165
129,20.0,0,0.37,0.3522700507730246
129,20.0,1,0.37,0.3455279483121281
129,20.0,2,0.38,0.35385487075831584
129,25.0,0,0.38,0.3849998285228391
129,25.0,1,0.37,0.3849987469784518
129,25.0,2,0.38,0.3869710511268173
130,15.0,0,0.34,0.35892210466877567
130,15.0,1,0.32,0.3527057907025655
130,15.0,2,0.34,0.3688875901960818
130,20.0,0,0.37,0.3582587788445976
130,20.0,1,0.37,0.3447692856584676
130,20.0,2,0.38,0.35791858824996486
130,25.0,0,0.38,0.38960191146602136
130,25.0,1,0.37,0.3913832960125555
130,25.0,2,0.38,0.3951093953529994
131,15.0,0,0.34,0.3586493054233495
131,15.0,1,0.32,0.35322070501240965
131,15.0,2,0.34,0.36867149060770715
131,20.0,0,0.37,0.3535871056523423
131,20.0,1,0.37,0.3466785840114106
131,20.0,2,0.38,0.3551569721439438
131,25.0,0,0.38,0.3872234091988873
131,25.0,1,0.37,0.3872231929254099
131,25.0,2,0.38,0.38887453402890004
132,15.0,0,0.34,0.3588809531063128
132,15.0,1,0.32,0.3524029317785572
132,15.0,2,0.34,0.3686547300439155
132,20.0,0,0.37,0.3583942599302667
132,20.0,1,0.37,0.34483053715625134
132,20.0,2,0.38,0.3575620137144029
132,25.0,0,0.38,0.38950905293559485
132,25.0,1,0.37,0.3921974852752921
132,25.0,2,0.38,0.39604151806748084
133,15.0,0,0.34,0.3585477578832914
133,15.0,1,0.32,0.35303163039049196
133,15.0,2,0.34,0.36841476721460986
133,20.0,0,0.37,0.3531776817741616
133,20.0,1,0.37,0.34498913615785676
133,20.0,2,0.38,0.3546110281814325
133,25.0,0,0.38,0.38538775187469815
133,25.0,1,0.37,0.38538628755946
133,25.0,2,0.38,0.3876355286360477
134,15.0,0,0.34,0.3588809742336506
134,15.0,1,0.32,0.35240287939892084
134,15.0,2,0.34,0.36865477560816357
134,20.0,0,0.37,0.35839426299102023
134,20.0,1,0.37,0.34483053791396856
134,20.0,2,0.38,0.3575620134168263
134,25.0,0,0.38,0.38950905293559485
134,25.0,1,0.37,0.3921974852752921
134,25.0,2,0.38,0.39604151806748084
135,15.0,0,0.34,0.3585477656240336
135,15.0,1,0.32,0.35303163837554125
135,15.0,2,0.34,0.36841476161004316
135,20.0,0,0.37,0.3531776817741616
135,20.0,1,0.37,0.34498913615785676
135,20.0,2,0.38,0.3546110281814325
135,25.0,0,0.38,0.3844509107299879
135,25.0,1,0.37,0.3844397206056292
135,25.0,2,0.38,0.38730300448940325
136,15.0,0,0.34,0.3588809363054851
136,15.0,1,0.32,0.35240285176997654
136,15.0,2,0.34,0.36865477233335325
136,20.0,0,0.37,0.3594812622765874
136,20.0,1,0.37,0.34640167554037943
136,20.0,2,0.38,0.35892138519521166
136,25.0,0,0.38,0.3898914322420516
136,25.0,1,0.37,0.39249498916853026
136,25.0,2,0.38,0.39664772230004197
137,15.0,0,0.34,0.35854775557367535
137,15.0,1,0.32,0.3530316298434629
137,15.0,2,0.34,0.3684147580210056
137,20.0,0,0.37,0.3543375403972519
137,20.0,1,0.37,0.3461371910110193
137,20.0,2,0.38,0.35575650052462293
137,25.0,0,0.38,0.3892975675916146
137,25.0,1,0.37,0.389289519207354
137,25.0,2,0.38,0.3917288512211609
138,15.0,0,0.34,0.3589468897950414
138,15.0,1,0.32,0.3526954270143711
138,15.0,2,0.34,0.36889246421113414
138,20.0,0,0.37,0.3582769485820853
138,20.0,1,0.37,0.3447898602954053
138,20.0,2,0.38,0.3579382666655988
138,25.0,0,0.38,0.38550432649457084
138,25.0,1,0.37,0.38550829918900303
138,25.0,2,0.38,0.3870112093669926
139,15.0,0,0.34,0.3586633417299853
139,15.0,1,0.32,0.35322975255017575
139,15.0,2,0.34,0.3686687967801969
139,20.0,0,0.37,0.352273478075957
139,20.0,1,0.37,0.34553278096452283
139,20.0,2,0.38,0.35385784425258693
139,25.0,0,0.38,0.38550436953148554
139,25.0,1,0.37,0.3855083427524476
139,25.0,2,0.38,0.3870111473409021
140,15.0,0,0.34,0.3589468897950414
140,15.0,1,0.32,0.3526954270143711
140,15.0,2,0.34,0.36889246421113414
140,20.0,0,0.37,0.3582769485820853
140,20.0,1,0.37,0.3447898602954053
140,20.0,2,0.38,0.3579382666655988
140,25.0,0,0.38,0.3849984873858068
140,25.0,1,0.37,0.3849974055206759
140,25.0,2,0.38,0.3869699572346789
141,15.0,0,0.34,0.3586633455286093
141,15.0,1,0.32,0.35322974189805106
141,15.0,2,0.34,0.36866881458765316
141,20.0,0,0.37,0.352273478075957
141,20.0,1,0.37,0.34553278096452283
141,20.0,2,0.38,0.35385784425258693
141,25.0,0,0.38,0.3849984811504789
141,25.0,1,0.37,0.38499739931218385
141,25.0,2,0.38,0.3869699487222369
142,15.0,0,0.34,0.35894680160844
142,15.0,1,0.32,0.3526955946703103
142,15.0,2,0.34,0.3688923879380301
142,20.0,0,0.37,0.35827694319197284
142,20.0,1,0.37,0.34478980476584287
142,20.0,2,0.38,0.3579382476007865
142,25.0,0,0.38,0.38960267829480966
142,25.0,1,0.37,0.39138476408059286
142,25.0,2,0.38,0.39511083981533196
143,15.0,0,0.34,0.3586633648840778
143,15.0,1,0.32,0.35322973501382826
143,15.0,2,0.34,0.3686688055749523
143,20.0,0,0.37,0.3535960304135931
143,20.0,1,0.37,0.3466885234372312
143,20.0,2,0.38,0.35516531250856087
143,25.0,0,0.38,0.38725810530219096
143,25.0,1,0.37,0.38725777437601255
143,25.0,2,0.38,0.38891499626422815
