candidate,r2,mae,mape_percent,family,features,interactions,alpha,length_floor,noise_floor
7,0.3653965323859082,0.013083117197579923,3.780486964521415,ridge,base,True,0.01,,
8,0.3618329814739668,0.01300222493226629,3.762783028734424,ridge,base,True,0.1,,
6,0.3596712443596748,0.013151081689906844,3.8032459111061088,bayesian,base,True,,,
1,0.35807364381326967,0.012992712297722413,3.763627208791849,ridge,base,False,0.01,,
2,0.3546301076352414,0.01302222115012868,3.772736914765883,ridge,base,False,0.1,,
0,0.34305504872021564,0.013118973164357586,3.8029811417817263,bayesian,base,False,,,
66,0.320478860132684,0.014114348122903,4.059198216533045,bayesian,quadratic,True,,,
3,0.31952598812429667,0.013303076066233963,3.859030657293245,ridge,base,False,1.0,,
9,0.31851910992598886,0.013173279425282989,3.824654318552665,ridge,base,True,1.0,,
18,0.3119644504473803,0.01322880469486489,3.844172261878624,bayesian,log,True,,,
60,0.31166634778732505,0.013803171956373785,3.980950900766364,bayesian,quadratic,False,,,
12,0.3083874255093956,0.013022928843202811,3.791854808113392,bayesian,log,False,,,
63,0.3056235219203228,0.013912144511484235,4.011332151847736,ridge,quadratic,False,1.0,,
69,0.305497810462497,0.01362652761263076,3.9347085207005903,ridge,quadratic,True,1.0,,
31,0.3050983457122598,0.012785192133861503,3.7347089479020905,ridge,log_only,True,0.01,,
32,0.2975000051147335,0.012560318643223649,3.67899219669522,ridge,log_only,True,0.1,,
25,0.29502117419653906,0.012609420560079958,3.6924910689448005,ridge,log_only,False,0.01,,
15,0.2929794219166464,0.013333199090261094,3.8767441326582928,ridge,log,False,1.0,,
26,0.29184268296459837,0.01264178034276622,3.7021298867028234,ridge,log_only,False,0.1,,
21,0.2904044469010636,0.013210972642843606,3.844657047827657,ridge,log,True,1.0,,
43,0.28005993277048835,0.014725257019380588,4.186217541576917,ridge,full,True,0.01,,
24,0.2798600310085866,0.012859345301291989,3.763462368267237,bayesian,log_only,False,,,
30,0.27438159154146,0.01308241413685053,3.823502375047582,bayesian,log_only,True,,,
78,0.2739763274292988,0.01509352249121502,4.320828231022042,bayesian,cubic,True,,,
37,0.2628181179798351,0.015093231540498915,4.297743019019854,ridge,full,False,0.01,,
72,0.2601221811019021,0.014838771355077404,4.256275245989088,bayesian,cubic,False,,,
27,0.2593317273037391,0.012948973468611964,3.7933118080960853,ridge,log_only,False,1.0,,
33,0.2579998922809805,0.01298708703564365,3.8035360566594116,ridge,log_only,True,1.0,,
81,0.2542492474856649,0.014555752874668124,4.180332562154504,ridge,cubic,True,1.0,,
75,0.24996886224485737,0.014773885946703055,4.240733518137688,ridge,cubic,False,1.0,,
68,0.20693395111509427,0.015233960664312917,4.359885994017045,ridge,quadratic,True,0.1,,
62,0.20625778651532356,0.015298883694311297,4.385002564633974,ridge,quadratic,False,0.1,,
82,0.18774053843291083,0.015604941552019198,4.487081226389159,ridge,cubic,True,10.0,,
20,0.1798818460256114,0.015230815805951056,4.37756569766885,ridge,log,True,0.1,,
70,0.1768495470400212,0.015412450963170269,4.448112469118212,ridge,quadratic,True,10.0,,
14,0.17516148430388867,0.01540051656011213,4.4268910346278965,ridge,log,False,0.1,,
76,0.17143513266332888,0.015743015745499245,4.524287582483636,ridge,cubic,False,10.0,,
22,0.16440823762244383,0.014719206334325965,4.279762775517334,ridge,log,True,10.0,,
57,0.1567617675210874,0.01523260654759647,4.3940800458936184,ridge,smooth,True,1.0,,
64,0.1537886100110164,0.015627795923302896,4.506797635321168,ridge,quadratic,False,10.0,,
16,0.1431290196497137,0.014862013856924138,4.318863656652424,ridge,log,False,10.0,,
80,0.14068562973789478,0.015845528764369954,4.52364793783036,ridge,cubic,True,0.1,,
74,0.14040910138312324,0.016042999327005973,4.585097283326369,ridge,cubic,False,0.1,,
51,0.13806689873313593,0.015259354929171865,4.412087581292997,ridge,smooth,False,1.0,,
58,0.12034535115460032,0.014853941469412744,4.327340314562197,ridge,smooth,True,10.0,,
52,0.10032655637816579,0.014809777799163926,4.318788823950435,ridge,smooth,False,10.0,,
109,0.09266319252651811,0.017278643856628948,4.919687674281433,rbf,log_only,,,0.3,0.1
115,0.08466803759034969,0.0173797694022815,4.94703451253705,matern,log_only,,,0.3,0.1
113,0.07571333715150985,0.017240463662384926,4.918525029007411,rbf,log_only,,,1.5,0.1
10,0.07540531281205554,0.016323665399542536,4.718295079225345,ridge,base,True,10.0,,
73,0.0713285734110144,0.01654438411895701,4.7249864442731315,ridge,cubic,False,0.01,,
112,0.06381201388382307,0.017254523383862616,4.920824645578996,rbf,log_only,,,1.5,0.01
61,0.06135668190626398,0.016854038625283792,4.807702573859332,ridge,quadratic,False,0.01,,
67,0.05783440588268418,0.016984786840532753,4.831446371290066,ridge,quadratic,True,0.01,,
79,0.053697974815859695,0.016867317585330846,4.804556420750649,ridge,cubic,True,0.01,,
89,0.051195277065659295,0.017208932217667686,4.895894633122219,rbf,base,,,1.5,0.1
4,0.04557033739466221,0.01659812409812408,4.793491234087204,ridge,base,False,10.0,,
54,0.042509271975714635,0.017025198017214433,4.868458589573713,bayesian,smooth,True,,,
117,0.0245478783339228,0.018839855761124933,5.344269969339085,matern,log_only,,,0.7,0.1
34,0.022298409296121813,0.016227484413352724,4.710925464684116,ridge,log_only,True,10.0,,
91,0.019514183865430135,0.017907645333359628,5.083496165611319,matern,base,,,0.3,0.1
56,0.019215051399633976,0.017096762922221915,4.88625055438683,ridge,smooth,True,0.1,,
119,0.018457731335006056,0.018968498958157016,5.378259099677651,matern,log_only,,,1.5,0.1
140,0.01747293726813548,0.018499506179846532,5.253147284142181,matern,smooth,,,0.7,0.01
138,0.011950882268645602,0.018617060058669296,5.2844862562587505,matern,smooth,,,0.3,0.01
50,0.008382070693442767,0.017044507240186413,4.878571806826942,ridge,smooth,False,0.1,,
28,0.0043016134171220965,0.016326156901417945,4.738150854795474,ridge,log_only,False,10.0,,
19,-0.002140445264105839,0.017517963285553002,4.9853648812612885,ridge,log,True,0.01,,
13,-0.00589742600315013,0.017434389290108727,4.972782339293661,ridge,log,False,0.01,,
93,-0.006345130554234579,0.018746426098221913,5.306163737866569,matern,base,,,0.7,0.1
85,-0.022598358551800146,0.0185723926911225,5.258556717563047,rbf,base,,,0.3,0.1
88,-0.026053392028421607,0.017759604783203566,5.043462581034827,rbf,base,,,1.5,0.01
48,-0.031195055622379897,0.01709304679918085,4.9048840911215015,bayesian,smooth,False,,,
111,-0.03218329121603891,0.01984804781456281,5.610081999033393,rbf,log_only,,,0.7,0.1
49,-0.04319322681180027,0.018078177924448546,5.16184205743448,ridge,smooth,False,0.01,,
135,-0.0484462631767173,0.019267772813465273,5.457581286025129,rbf,smooth,,,0.7,0.1
123,-0.04862290387052548,0.019270243993150575,5.458151331248518,rbf,full,,,0.7,0.1
55,-0.049164595149618906,0.018037615403434418,5.14878360952084,ridge,smooth,True,0.01,,
133,-0.059353364320991586,0.01951398638279424,5.523122317197447,rbf,smooth,,,0.3,0.1
131,-0.062382411242079217,0.01982666393210742,5.607467895704102,matern,full,,,1.5,0.1
143,-0.06295188599973556,0.019838101672878306,5.610578882578579,matern,smooth,,,1.5,0.1
116,-0.06702085534172597,0.020031267655339826,5.660854794755504,matern,log_only,,,0.7,0.01
114,-0.06702195836987035,0.020031279739885253,5.660858130931991,matern,log_only,,,0.3,0.01
129,-0.0719848650239463,0.019539823580261073,5.532176392304737,matern,full,,,0.7,0.1
141,-0.07208278277417723,0.01954040310068293,5.532409369336356,matern,smooth,,,0.7,0.1
102,-0.07317843428501125,0.020148346417453097,5.691055280115973,matern,log,,,0.3,0.01
104,-0.07318414518934091,0.02014843495144892,5.691078719151306,matern,log,,,0.7,0.01
128,-0.07367987774862073,0.02015245334065309,5.692165643043086,matern,full,,,0.7,0.01
118,-0.0746039738973101,0.02016806371909,5.696944656896527,matern,log_only,,,1.5,0.01
139,-0.07760506085728314,0.01965796082134737,5.563749375872348,matern,smooth,,,0.3,0.1
126,-0.07937773313121355,0.020248102153870153,5.707410475824492,matern,full,,,0.3,0.01
136,-0.0852392666934243,0.020463153456362244,5.770947589664225,rbf,smooth,,,1.5,0.01
124,-0.08543887048812482,0.020465984466674123,5.771634305802789,rbf,full,,,1.5,0.01
107,-0.0903304860893186,0.02034223422234209,5.744321860674227,matern,log,,,1.5,0.1
125,-0.09044118159464665,0.02045262884808911,5.7712993029319986,rbf,full,,,1.5,0.1
137,-0.09056757014853911,0.02045320550281991,5.771545923387057,rbf,smooth,,,1.5,0.1
120,-0.0969472925465289,0.02055353090862478,5.785790932302632,rbf,full,,,0.3,0.01
103,-0.10080014470786525,0.020153966555993337,5.695431315800384,matern,log,,,0.3,0.1
105,-0.10080231504991732,0.020154011215093668,5.695443158645771,matern,log,,,0.7,0.1
106,-0.10572145002338607,0.02062508000782622,5.817510849090939,matern,log,,,1.5,0.01
142,-0.1057953503934368,0.02062534120543473,5.817625654799771,matern,smooth,,,1.5,0.01
130,-0.10622278655943096,0.0206292706273299,5.818643561578258,matern,full,,,1.5,0.01
98,-0.11590151691411821,0.020766707750966222,5.852677745363314,rbf,log,,,0.7,0.01
96,-0.11590200709047571,0.020766700535541114,5.852676278486644,rbf,log,,,0.3,0.01
134,-0.11591588441176226,0.02076665235525418,5.852681537332698,rbf,smooth,,,0.7,0.01
132,-0.11591590530835805,0.020766651156248032,5.8526812825742045,rbf,smooth,,,0.3,0.01
122,-0.11596344294398597,0.02076750821435421,5.852839195289358,rbf,full,,,0.7,0.01
110,-0.11942173110439791,0.020796085056658253,5.861515956202087,rbf,log_only,,,0.7,0.01
108,-0.11942178883539101,0.020796087651013564,5.861516614680056,rbf,log_only,,,0.3,0.01
95,-0.13367204986523484,0.021150757020581976,5.944492412449484,matern,base,,,1.5,0.1
97,-0.1359459979402351,0.020936114607003026,5.900789804669262,rbf,log,,,0.3,0.1
99,-0.1359466250296677,0.02093611775190227,5.900790788821489,rbf,log,,,0.7,0.1
101,-0.147086090260367,0.021287957084743195,5.993113841614574,rbf,log,,,1.5,0.1
127,-0.1733472215327463,0.021358765267282896,6.005142559588745,matern,full,,,0.3,0.1
121,-0.17360770031323058,0.021455265376088495,6.02855858336289,rbf,full,,,0.3,0.1
92,-0.18426180072717968,0.021252769427382676,5.973391420255728,matern,base,,,0.7,0.01
90,-0.18426244911724177,0.021252780091615006,5.973394229033232,matern,base,,,0.3,0.01
40,-0.1929782216584619,0.01890814903622681,5.411983628310062,ridge,full,False,10.0,,
83,-0.2005235304468309,0.019506700911240467,5.601623628116129,ridge,cubic,True,100.0,,
87,-0.22161533767432617,0.0221738082246237,6.214574745004095,rbf,base,,,0.7,0.1
46,-0.23188644528120994,0.01926638121739911,5.502487095451544,ridge,full,True,10.0,,
44,-0.25535338812152375,0.0195029888339404,5.519745432996337,ridge,full,True,0.1,,
77,-0.25874711129796646,0.01984517418376136,5.696781644489942,ridge,cubic,False,100.0,,
59,-0.26037100207250674,0.019303795263296914,5.566466787128867,ridge,smooth,True,100.0,,
71,-0.2687739829073432,0.019929605420372525,5.727062488921009,ridge,quadratic,True,100.0,,
100,-0.2796307641126412,0.02270302294881345,6.367559620775283,rbf,log,,,1.5,0.01
23,-0.2882377304070243,0.01984636206099881,5.711153046227348,ridge,log,True,100.0,,
53,-0.2899564399608545,0.019475181595339144,5.613223656231952,ridge,smooth,False,100.0,,
38,-0.29707747948624896,0.019833093936577093,5.620747721948342,ridge,full,False,0.1,,
65,-0.31652212437558447,0.0202112715633508,5.805549363278368,ridge,quadratic,False,100.0,,
17,-0.320173883207475,0.01999795262296232,5.753141697859979,ridge,log,False,100.0,,
84,-0.32100326431567683,0.022852345068700874,6.396624815989725,rbf,base,,,0.3,0.01
42,-0.32705025776636676,0.02054350787425498,5.816103903284834,bayesian,full,True,,,
45,-0.32760891761005095,0.019686426704214197,5.5877042610417815,ridge,full,True,1.0,,
47,-0.3378590090352904,0.02068996673521216,5.934452256250154,ridge,full,True,100.0,,
41,-0.33953336484566954,0.02044184227237033,5.87072986687949,ridge,full,False,100.0,,
94,-0.34639275025502525,0.023302722234780124,6.517525369445239,matern,base,,,1.5,0.01
39,-0.3635635665272394,0.020099921129668335,5.706816049939672,ridge,full,False,1.0,,
86,-0.3654532532432919,0.023350812106528594,6.529015871765839,rbf,base,,,0.7,0.01
11,-0.3786429732630232,0.02075054793061009,5.961454149875208,ridge,base,True,100.0,,
36,-0.38425319217044507,0.020248121782289002,5.748711195594428,bayesian,full,False,,,
35,-0.4009955767905342,0.02079658957854063,5.9781418504883925,ridge,log_only,True,100.0,,
5,-0.4048176706528721,0.020894274376417214,6.001265139747388,ridge,base,False,100.0,,
29,-0.41422347308189544,0.02084085224849279,5.990394708100796,ridge,log_only,False,100.0,,
