concentration,method,repeat,"Предел прочности при разрыве, МПа","Относительное удлинение при разрыве, %","Модуль упругости, МПа",Износостойкость (скорость потери массы мг/час),Коэффициент трения
10.0,0,1,25.3,351.0,228.0,0.665,0.35
10.0,0,2,25.09,329.0,237.0,0.681,0.34
10.0,0,3,23.94,343.0,240.0,0.668,0.34
10.0,0,4,24.17,327.0,235.0,0.653,0.34
10.0,0,5,23.7,338.0,231.0,0.67,0.36
10.0,0,6,24.89,356.0,233.0,0.664,0.36
10.0,0,7,24.63,347.0,238.0,0.669,0.35
10.0,0,8,24.5,359.0,232.0,0.667,0.36
10.0,0,9,24.28,337.0,232.0,0.666,0.35
10.0,1,1,26.7,398.0,259.0,0.513,0.34
10.0,1,2,26.15,377.0,248.0,0.519,0.33
10.0,1,3,25.62,385.0,256.0,0.53,0.33
10.0,1,4,25.3,407.0,251.0,0.529,0.34
10.0,1,5,26.45,394.0,260.0,0.531,0.32
10.0,1,6,25.78,389.0,253.0,0.523,0.32
10.0,1,7,26.0,401.0,247.0,0.514,0.33
10.0,1,8,26.29,383.0,259.0,0.516,0.33
10.0,1,9,25.71,394.0,262.0,0.523,0.33
10.0,2,1,28.6,314.0,285.0,0.649,0.37
10.0,2,2,29.3,325.0,282.0,0.654,0.36
10.0,2,3,28.4,327.0,273.0,0.657,0.35
10.0,2,4,29.19,337.0,269.0,0.664,0.35
10.0,2,5,28.36,335.0,289.0,0.64,0.36
10.0,2,6,28.47,344.0,287.0,0.646,0.37
10.0,2,7,28.39,328.0,271.0,0.659,0.36
10.0,2,8,28.29,320.0,280.0,0.651,0.36
10.0,2,9,29.3,331.0,275.0,0.648,0.36
15.0,0,1,20.35,295.0,278.0,0.66,0.34
15.0,0,2,19.73,283.0,275.0,0.637,0.33
15.0,0,3,20.9,255.0,267.0,0.652,0.35
15.0,0,4,20.06,275.0,263.0,0.663,0.35
15.0,0,5,19.5,261.0,260.0,0.645,0.34
15.0,0,6,20.71,268.0,272.0,0.65,0.33
15.0,0,7,19.88,289.0,270.0,0.64,0.34
15.0,0,8,20.2,279.0,266.0,0.648,0.34
15.0,0,9,20.47,270.0,270.0,0.655,0.34
15.0,1,1,21.35,375.0,294.0,0.492,0.33
15.0,1,2,21.7,362.0,285.0,0.483,0.32
15.0,1,3,20.58,371.0,283.0,0.497,0.31
15.0,1,4,21.0,358.0,287.0,0.489,0.31
15.0,1,5,20.76,380.0,290.0,0.505,0.32
15.0,1,6,20.3,387.0,278.0,0.487,0.33
15.0,1,7,21.48,365.0,286.0,0.501,0.32
15.0,1,8,20.92,372.0,288.0,0.497,0.32
15.0,1,9,20.91,351.0,283.0,0.495,0.32
15.0,2,1,26.58,167.0,391.0,0.629,0.34
15.0,2,2,26.09,195.0,387.0,0.617,0.33
15.0,2,3,25.72,189.0,370.0,0.635,0.34
15.0,2,4,26.43,178.0,376.0,0.637,0.34
15.0,2,5,26.25,192.0,395.0,0.626,0.35
15.0,2,6,25.94,174.0,372.0,0.639,0.33
15.0,2,7,26.8,185.0,389.0,0.631,0.35
15.0,2,8,25.4,196.0,398.0,0.649,0.34
15.0,2,9,25.69,207.0,378.0,0.634,0.34
20.0,0,1,20.67,245.0,309.0,0.6,0.38
20.0,0,2,19.48,229.0,305.0,0.579,0.37
20.0,0,3,21.6,237.0,296.0,0.597,0.38
20.0,0,4,19.2,248.0,293.0,0.591,0.37
20.0,0,5,20.91,221.0,302.0,0.585,0.36
20.0,0,6,19.73,214.0,291.0,0.594,0.37
20.0,0,7,20.4,252.0,298.0,0.602,0.36
20.0,0,8,21.15,260.0,289.0,0.589,0.37
20.0,0,9,20.46,227.0,308.0,0.609,0.37
20.0,1,1,22.2,271.0,329.0,0.529,0.37
20.0,1,2,21.45,258.0,317.0,0.542,0.36
20.0,1,3,20.33,265.0,325.0,0.532,0.37
20.0,1,4,21.1,241.0,326.0,0.536,0.36
20.0,1,5,20.0,249.0,335.0,0.525,0.38
20.0,1,6,20.68,278.0,323.0,0.541,0.37
20.0,1,7,21.87,254.0,327.0,0.535,0.37
20.0,1,8,21.52,285.0,324.0,0.533,0.37
20.0,1,9,20.75,266.0,328.0,0.524,0.38
20.0,2,1,25.65,185.0,411.0,0.604,0.37
20.0,2,2,25.92,192.0,387.0,0.62,0.38
20.0,2,3,26.39,155.0,398.0,0.615,0.39
20.0,2,4,25.29,168.0,419.0,0.609,0.37
20.0,2,5,26.9,173.0,392.0,0.594,0.38
20.0,2,6,25.17,181.0,415.0,0.592,0.38
20.0,2,7,26.52,199.0,395.0,0.602,0.38
20.0,2,8,24.7,164.0,407.0,0.613,0.39
20.0,2,9,25.66,176.0,403.0,0.605,0.38
25.0,0,1,16.23,151.0,307.0,0.593,0.38
25.0,0,2,17.45,159.0,295.0,0.61,0.39
25.0,0,3,17.8,138.0,289.0,0.606,0.39
25.0,0,4,16.7,142.0,284.0,0.604,0.38
25.0,0,5,15.92,129.0,303.0,0.612,0.38
25.0,0,6,17.18,135.0,312.0,0.6,0.37
25.0,0,7,16.51,148.0,291.0,0.608,0.37
25.0,0,8,16.91,144.0,301.0,0.619,0.37
25.0,0,9,15.6,150.0,300.0,0.602,0.39
25.0,1,1,18.34,195.0,356.0,0.558,0.38
25.0,1,2,17.56,177.0,327.0,0.542,0.37
25.0,1,3,19.0,184.0,343.0,0.563,0.37
25.0,1,4,18.0,191.0,358.0,0.553,0.36
25.0,1,5,17.73,188.0,329.0,0.554,0.38
25.0,1,6,18.62,198.0,359.0,0.547,0.37
25.0,1,7,17.0,203.0,330.0,0.548,0.36
25.0,1,8,18.21,187.0,328.0,0.544,0.37
25.0,1,9,17.54,187.0,357.0,0.541,0.37
25.0,2,1,24.53,119.0,442.0,0.614,0.37
25.0,2,2,23.6,128.0,463.0,0.609,0.38
25.0,2,3,25.25,115.0,451.0,0.632,0.38
25.0,2,4,24.69,109.0,447.0,0.622,0.37
25.0,2,5,23.91,132.0,468.0,0.62,0.38
25.0,2,6,25.17,137.0,449.0,0.607,0.39
25.0,2,7,24.87,124.0,461.0,0.626,0.38
25.0,2,8,25.8,121.0,470.0,0.602,0.39
25.0,2,9,24.48,122.0,453.0,0.621,0.38
30.0,0,1,16.42,95.0,325.0,0.672,0.38
30.0,0,2,17.15,78.0,341.0,0.678,0.39
30.0,0,3,15.7,86.0,338.0,0.685,0.4
30.0,0,4,16.88,100.0,329.0,0.695,0.4
30.0,0,5,17.7,91.0,343.0,0.661,0.39
30.0,0,6,16.23,83.0,345.0,0.68,0.38
30.0,0,7,16.7,88.0,331.0,0.675,0.39
30.0,0,8,17.01,94.0,336.0,0.67,0.39
30.0,0,9,16.51,86.0,327.0,0.686,0.39
30.0,1,1,16.6,103.0,352.0,0.597,0.4
30.0,1,2,18.27,89.0,365.0,0.619,0.39
30.0,1,3,16.85,107.0,374.0,0.631,0.38
30.0,1,4,17.9,95.0,360.0,0.592,0.39
30.0,1,5,19.2,92.0,363.0,0.589,0.4
30.0,1,6,18.54,101.0,361.0,0.599,0.39
30.0,1,7,17.23,96.0,366.0,0.608,0.4
30.0,1,8,18.71,99.0,364.0,0.605,0.38
30.0,1,9,17.8,100.0,362.0,0.587,0.38
30.0,2,1,24.36,74.0,497.0,0.695,0.39
30.0,2,2,23.1,72.0,488.0,0.672,0.39
30.0,2,3,24.69,67.0,481.0,0.684,0.39
30.0,2,4,23.87,61.0,475.0,0.669,0.4
30.0,2,5,24.13,69.0,502.0,0.663,0.4
30.0,2,6,25.03,63.0,479.0,0.687,0.39
30.0,2,7,23.53,65.0,505.0,0.655,0.38
30.0,2,8,25.3,58.0,493.0,0.676,0.39
30.0,2,9,23.79,65.0,490.0,0.674,0.38
